date,item_name,quantity,revenue
2025-08-09,Cheeseburger,153,1453.50
2025-08-09,Chicken Sandwich,100,1000.00
2025-08-09,Veggie Burger,28,252.00
2025-08-09,Fries,252,1008.00
2025-08-09,Wings,124,1364.00
2025-08-09,Caesar Salad,34,289.00
2025-08-09,Milkshake,84,462.00
2025-08-09,Soda,248,620.00
2025-08-10,Cheeseburger,111,1054.50
2025-08-10,Chicken Sandwich,76,760.00
2025-08-10,Veggie Burger,21,189.00
2025-08-10,Fries,194,776.00
2025-08-10,Wings,100,1100.00
2025-08-10,Caesar Salad,31,263.50
2025-08-10,Milkshake,54,297.00
2025-08-10,Soda,165,412.50
2025-08-11,Cheeseburger,68,646.00
2025-08-11,Chicken Sandwich,53,530.00
2025-08-11,Veggie Burger,15,135.00
2025-08-11,Fries,106,424.00
2025-08-11,Wings,53,583.00
2025-08-11,Caesar Salad,21,178.50
2025-08-11,Milkshake,32,176.00
2025-08-11,Soda,132,330.00
2025-08-12,Cheeseburger,78,741.00
2025-08-12,Chicken Sandwich,47,470.00
2025-08-12,Veggie Burger,17,153.00
2025-08-12,Fries,118,472.00
2025-08-12,Wings,58,638.00
2025-08-12,Caesar Salad,23,195.50
2025-08-12,Milkshake,38,209.00
2025-08-12,Soda,108,270.00
2025-08-13,Cheeseburger,51,484.50
2025-08-13,Chicken Sandwich,48,480.00
2025-08-13,Veggie Burger,15,135.00
2025-08-13,Fries,134,536.00
2025-08-13,Wings,60,660.00
2025-08-13,Caesar Salad,24,204.00
2025-08-13,Milkshake,41,225.50
2025-08-13,Soda,123,307.50
2025-08-14,Cheeseburger,82,779.00
2025-08-14,Chicken Sandwich,55,550.00
2025-08-14,Veggie Burger,19,171.00
2025-08-14,Fries,148,592.00
2025-08-14,Wings,67,737.00
2025-08-14,Caesar Salad,32,272.00
2025-08-14,Milkshake,45,247.50
2025-08-14,Soda,165,412.50
2025-08-15,Cheeseburger,130,1235.00
2025-08-15,Chicken Sandwich,85,850.00
2025-08-15,Veggie Burger,24,216.00
2025-08-15,Fries,222,888.00
2025-08-15,Wings,110,1210.00
2025-08-15,Caesar Salad,48,408.00
2025-08-15,Milkshake,66,363.00
2025-08-15,Soda,201,502.50
2025-08-16,Cheeseburger,170,1615.00
2025-08-16,Chicken Sandwich,120,1200.00
2025-08-16,Veggie Burger,30,270.00
2025-08-16,Fries,256,1024.00
2025-08-16,Wings,148,1628.00
2025-08-16,Caesar Salad,42,357.00
2025-08-16,Milkshake,67,368.50
2025-08-16,Soda,241,602.50
2025-08-17,Cheeseburger,127,1206.50
2025-08-17,Chicken Sandwich,62,620.00
2025-08-17,Veggie Burger,21,189.00
2025-08-17,Fries,176,704.00
2025-08-17,Wings,89,979.00
2025-08-17,Caesar Salad,34,289.00
2025-08-17,Milkshake,64,352.00
2025-08-17,Soda,241,602.50
2025-08-18,Cheeseburger,72,684.00
2025-08-18,Chicken Sandwich,42,420.00
2025-08-18,Veggie Burger,14,126.00
2025-08-18,Fries,97,388.00
2025-08-18,Wings,56,616.00
2025-08-18,Caesar Salad,23,195.50
2025-08-18,Milkshake,33,181.50
2025-08-18,Soda,136,340.00
2025-08-19,Cheeseburger,65,617.50
2025-08-19,Chicken Sandwich,47,470.00
2025-08-19,Veggie Burger,12,108.00
2025-08-19,Fries,100,400.00
2025-08-19,Wings,49,539.00
2025-08-19,Caesar Salad,28,238.00
2025-08-19,Milkshake,40,220.00
2025-08-19,Soda,132,330.00
2025-08-20,Cheeseburger,77,731.50
2025-08-20,Chicken Sandwich,53,530.00
2025-08-20,Veggie Burger,19,171.00
2025-08-20,Fries,135,540.00
2025-08-20,Wings,58,638.00
2025-08-20,Caesar Salad,25,212.50
2025-08-20,Milkshake,42,231.00
2025-08-20,Soda,147,367.50
2025-08-21,Cheeseburger,96,912.00
2025-08-21,Chicken Sandwich,57,570.00
2025-08-21,Veggie Burger,23,207.00
2025-08-21,Fries,130,520.00
2025-08-21,Wings,75,825.00
2025-08-21,Caesar Salad,32,272.00
2025-08-21,Milkshake,39,214.50
2025-08-21,Soda,135,337.50
2025-08-22,Cheeseburger,138,1311.00
2025-08-22,Chicken Sandwich,109,1090.00
2025-08-22,Veggie Burger,28,252.00
2025-08-22,Fries,228,912.00
2025-08-22,Wings,82,902.00
2025-08-22,Caesar Salad,41,348.50
2025-08-22,Milkshake,78,429.00
2025-08-22,Soda,217,542.50
2025-08-23,Cheeseburger,145,1377.50
2025-08-23,Chicken Sandwich,103,1030.00
2025-08-23,Veggie Burger,34,306.00
2025-08-23,Fries,204,816.00
2025-08-23,Wings,120,1320.00
2025-08-23,Caesar Salad,49,416.50
2025-08-23,Milkshake,77,423.50
2025-08-23,Soda,247,617.50
2025-08-24,Cheeseburger,116,1102.00
2025-08-24,Chicken Sandwich,65,650.00
2025-08-24,Veggie Burger,21,189.00
2025-08-24,Fries,147,588.00
2025-08-24,Wings,103,1133.00
2025-08-24,Caesar Salad,31,263.50
2025-08-24,Milkshake,76,418.00
2025-08-24,Soda,196,490.00
2025-08-25,Cheeseburger,78,741.00
2025-08-25,Chicken Sandwich,39,390.00
2025-08-25,Veggie Burger,15,135.00
2025-08-25,Fries,113,452.00
2025-08-25,Wings,61,671.00
2025-08-25,Caesar Salad,20,170.00
2025-08-25,Milkshake,37,203.50
2025-08-25,Soda,134,335.00
2025-08-26,Cheeseburger,84,798.00
2025-08-26,Chicken Sandwich,53,530.00
2025-08-26,Veggie Burger,16,144.00
2025-08-26,Fries,108,432.00
2025-08-26,Wings,45,495.00
2025-08-26,Caesar Salad,27,229.50
2025-08-26,Milkshake,35,192.50
2025-08-26,Soda,166,415.00
2025-08-27,Cheeseburger,70,665.00
2025-08-27,Chicken Sandwich,54,540.00
2025-08-27,Veggie Burger,14,126.00
2025-08-27,Fries,117,468.00
2025-08-27,Wings,58,638.00
2025-08-27,Caesar Salad,31,263.50
2025-08-27,Milkshake,44,242.00
2025-08-27,Soda,141,352.50
2025-08-28,Cheeseburger,73,693.50
2025-08-28,Chicken Sandwich,61,610.00
2025-08-28,Veggie Burger,20,180.00
2025-08-28,Fries,144,576.00
2025-08-28,Wings,58,638.00
2025-08-28,Caesar Salad,36,306.00
2025-08-28,Milkshake,42,231.00
2025-08-28,Soda,170,425.00
2025-08-29,Cheeseburger,163,1548.50
2025-08-29,Chicken Sandwich,100,1000.00
2025-08-29,Veggie Burger,26,234.00
2025-08-29,Fries,266,1064.00
2025-08-29,Wings,118,1298.00
2025-08-29,Caesar Salad,37,314.50
2025-08-29,Milkshake,75,412.50
2025-08-29,Soda,275,687.50
2025-08-30,Cheeseburger,159,1510.50
2025-08-30,Chicken Sandwich,110,1100.00
2025-08-30,Veggie Burger,32,288.00
2025-08-30,Fries,221,884.00
2025-08-30,Wings,101,1111.00
2025-08-30,Caesar Salad,44,374.00
2025-08-30,Milkshake,84,462.00
2025-08-30,Soda,241,602.50
2025-08-31,Cheeseburger,127,1206.50
2025-08-31,Chicken Sandwich,82,820.00
2025-08-31,Veggie Burger,18,162.00
2025-08-31,Fries,183,732.00
2025-08-31,Wings,91,1001.00
2025-08-31,Caesar Salad,26,221.00
2025-08-31,Milkshake,63,346.50
2025-08-31,Soda,189,472.50
2025-09-01,Cheeseburger,56,532.00
2025-09-01,Chicken Sandwich,45,450.00
2025-09-01,Veggie Burger,15,135.00
2025-09-01,Fries,93,372.00
2025-09-01,Wings,48,528.00
2025-09-01,Caesar Salad,26,221.00
2025-09-01,Milkshake,28,154.00
2025-09-01,Soda,120,300.00
2025-09-02,Cheeseburger,65,617.50
2025-09-02,Chicken Sandwich,57,570.00
2025-09-02,Veggie Burger,11,99.00
2025-09-02,Fries,115,460.00
2025-09-02,Wings,47,517.00
2025-09-02,Caesar Salad,24,204.00
2025-09-02,Milkshake,40,220.00
2025-09-02,Soda,122,305.00
2025-09-03,Cheeseburger,88,836.00
2025-09-03,Chicken Sandwich,45,450.00
2025-09-03,Veggie Burger,16,144.00
2025-09-03,Fries,106,424.00
2025-09-03,Wings,48,528.00
2025-09-03,Caesar Salad,26,221.00
2025-09-03,Milkshake,33,181.50
2025-09-03,Soda,133,332.50
2025-09-04,Cheeseburger,57,541.50
2025-09-04,Chicken Sandwich,65,650.00
2025-09-04,Veggie Burger,17,153.00
2025-09-04,Fries,151,604.00
2025-09-04,Wings,51,561.00
2025-09-04,Caesar Salad,30,255.00
2025-09-04,Milkshake,53,291.50
2025-09-04,Soda,129,322.50
2025-09-05,Cheeseburger,106,1007.00
2025-09-05,Chicken Sandwich,80,800.00
2025-09-05,Veggie Burger,25,225.00
2025-09-05,Fries,210,840.00
2025-09-05,Wings,121,1331.00
2025-09-05,Caesar Salad,34,289.00
2025-09-05,Milkshake,54,297.00
2025-09-05,Soda,203,507.50
2025-09-06,Cheeseburger,166,1577.00
2025-09-06,Chicken Sandwich,100,1000.00
2025-09-06,Veggie Burger,20,180.00
2025-09-06,Fries,215,860.00
2025-09-06,Wings,136,1496.00
2025-09-06,Caesar Salad,49,416.50
2025-09-06,Milkshake,80,440.00
2025-09-06,Soda,247,617.50
2025-09-07,Cheeseburger,90,855.00
2025-09-07,Chicken Sandwich,63,630.00
2025-09-07,Veggie Burger,19,171.00
2025-09-07,Fries,168,672.00
2025-09-07,Wings,92,1012.00
2025-09-07,Caesar Salad,27,229.50
2025-09-07,Milkshake,47,258.50
2025-09-07,Soda,158,395.00
2025-09-08,Cheeseburger,53,503.50
2025-09-08,Chicken Sandwich,46,460.00
2025-09-08,Veggie Burger,10,90.00
2025-09-08,Fries,96,384.00
2025-09-08,Wings,49,539.00
2025-09-08,Caesar Salad,27,229.50
2025-09-08,Milkshake,31,170.50
2025-09-08,Soda,129,322.50
2025-09-09,Cheeseburger,62,589.00
2025-09-09,Chicken Sandwich,41,410.00
2025-09-09,Veggie Burger,14,126.00
2025-09-09,Fries,126,504.00
2025-09-09,Wings,55,605.00
2025-09-09,Caesar Salad,26,221.00
2025-09-09,Milkshake,46,253.00
2025-09-09,Soda,122,305.00
2025-09-10,Cheeseburger,75,712.50
2025-09-10,Chicken Sandwich,49,490.00
2025-09-10,Veggie Burger,15,135.00
2025-09-10,Fries,144,576.00
2025-09-10,Wings,61,671.00
2025-09-10,Caesar Salad,22,187.00
2025-09-10,Milkshake,33,181.50
2025-09-10,Soda,137,342.50
2025-09-11,Cheeseburger,84,798.00
2025-09-11,Chicken Sandwich,44,440.00
2025-09-11,Veggie Burger,13,117.00
2025-09-11,Fries,97,388.00
2025-09-11,Wings,57,627.00
2025-09-11,Caesar Salad,29,246.50
2025-09-11,Milkshake,40,220.00
2025-09-11,Soda,131,327.50
2025-09-12,Cheeseburger,111,1054.50
2025-09-12,Chicken Sandwich,65,650.00
2025-09-12,Veggie Burger,24,216.00
2025-09-12,Fries,203,812.00
2025-09-12,Wings,118,1298.00
2025-09-12,Caesar Salad,38,323.00
2025-09-12,Milkshake,66,363.00
2025-09-12,Soda,250,625.00
2025-09-13,Cheeseburger,142,1349.00
2025-09-13,Chicken Sandwich,88,880.00
2025-09-13,Veggie Burger,24,216.00
2025-09-13,Fries,201,804.00
2025-09-13,Wings,87,957.00
2025-09-13,Caesar Salad,40,340.00
2025-09-13,Milkshake,78,429.00
2025-09-13,Soda,229,572.50
2025-09-14,Cheeseburger,97,921.50
2025-09-14,Chicken Sandwich,73,730.00
2025-09-14,Veggie Burger,23,207.00
2025-09-14,Fries,160,640.00
2025-09-14,Wings,81,891.00
2025-09-14,Caesar Salad,27,229.50
2025-09-14,Milkshake,55,302.50
2025-09-14,Soda,149,372.50
2025-09-15,Cheeseburger,61,579.50
2025-09-15,Chicken Sandwich,43,430.00
2025-09-15,Veggie Burger,17,153.00
2025-09-15,Fries,112,448.00
2025-09-15,Wings,52,572.00
2025-09-15,Caesar Salad,21,178.50
2025-09-15,Milkshake,33,181.50
2025-09-15,Soda,100,250.00
2025-09-16,Cheeseburger,68,646.00
2025-09-16,Chicken Sandwich,47,470.00
2025-09-16,Veggie Burger,13,117.00
2025-09-16,Fries,132,528.00
2025-09-16,Wings,53,583.00
2025-09-16,Caesar Salad,19,161.50
2025-09-16,Milkshake,35,192.50
2025-09-16,Soda,117,292.50
2025-09-17,Cheeseburger,70,665.00
2025-09-17,Chicken Sandwich,51,510.00
2025-09-17,Veggie Burger,16,144.00
2025-09-17,Fries,85,340.00
2025-09-17,Wings,45,495.00
2025-09-17,Caesar Salad,29,246.50
2025-09-17,Milkshake,40,220.00
2025-09-17,Soda,160,400.00
2025-09-18,Cheeseburger,94,893.00
2025-09-18,Chicken Sandwich,40,400.00
2025-09-18,Veggie Burger,19,171.00
2025-09-18,Fries,97,388.00
2025-09-18,Wings,69,759.00
2025-09-18,Caesar Salad,30,255.00
2025-09-18,Milkshake,33,181.50
2025-09-18,Soda,180,450.00
2025-09-19,Cheeseburger,141,1339.50
2025-09-19,Chicken Sandwich,67,670.00
2025-09-19,Veggie Burger,24,216.00
2025-09-19,Fries,178,712.00
2025-09-19,Wings,107,1177.00
2025-09-19,Caesar Salad,33,280.50
2025-09-19,Milkshake,79,434.50
2025-09-19,Soda,179,447.50
2025-09-20,Cheeseburger,151,1434.50
2025-09-20,Chicken Sandwich,117,1170.00
2025-09-20,Veggie Burger,24,216.00
2025-09-20,Fries,223,892.00
2025-09-20,Wings,121,1331.00
2025-09-20,Caesar Salad,36,306.00
2025-09-20,Milkshake,81,445.50
2025-09-20,Soda,243,607.50
2025-09-21,Cheeseburger,95,902.50
2025-09-21,Chicken Sandwich,85,850.00
2025-09-21,Veggie Burger,21,189.00
2025-09-21,Fries,156,624.00
2025-09-21,Wings,80,880.00
2025-09-21,Caesar Salad,26,221.00
2025-09-21,Milkshake,64,352.00
2025-09-21,Soda,173,432.50
2025-09-22,Cheeseburger,66,627.00
2025-09-22,Chicken Sandwich,42,420.00
2025-09-22,Veggie Burger,15,135.00
2025-09-22,Fries,100,400.00
2025-09-22,Wings,51,561.00
2025-09-22,Caesar Salad,23,195.50
2025-09-22,Milkshake,34,187.00
2025-09-22,Soda,126,315.00
2025-09-23,Cheeseburger,65,617.50
2025-09-23,Chicken Sandwich,41,410.00
2025-09-23,Veggie Burger,13,117.00
2025-09-23,Fries,98,392.00
2025-09-23,Wings,44,484.00
2025-09-23,Caesar Salad,27,229.50
2025-09-23,Milkshake,33,181.50
2025-09-23,Soda,147,367.50
2025-09-24,Cheeseburger,89,845.50
2025-09-24,Chicken Sandwich,48,480.00
2025-09-24,Veggie Burger,13,117.00
2025-09-24,Fries,108,432.00
2025-09-24,Wings,52,572.00
2025-09-24,Caesar Salad,22,187.00
2025-09-24,Milkshake,34,187.00
2025-09-24,Soda,136,340.00
2025-09-25,Cheeseburger,73,693.50
2025-09-25,Chicken Sandwich,49,490.00
2025-09-25,Veggie Burger,16,144.00
2025-09-25,Fries,153,612.00
2025-09-25,Wings,57,627.00
2025-09-25,Caesar Salad,26,221.00
2025-09-25,Milkshake,37,203.50
2025-09-25,Soda,163,407.50
2025-09-26,Cheeseburger,121,1149.50
2025-09-26,Chicken Sandwich,92,920.00
2025-09-26,Veggie Burger,26,234.00
2025-09-26,Fries,214,856.00
2025-09-26,Wings,124,1364.00
2025-09-26,Caesar Salad,33,280.50
2025-09-26,Milkshake,78,429.00
2025-09-26,Soda,196,490.00
2025-09-27,Cheeseburger,139,1320.50
2025-09-27,Chicken Sandwich,110,1100.00
2025-09-27,Veggie Burger,29,261.00
2025-09-27,Fries,218,872.00
2025-09-27,Wings,101,1111.00
2025-09-27,Caesar Salad,42,357.00
2025-09-27,Milkshake,70,385.00
2025-09-27,Soda,214,535.00
2025-09-28,Cheeseburger,99,940.50
2025-09-28,Chicken Sandwich,73,730.00
2025-09-28,Veggie Burger,14,126.00
2025-09-28,Fries,167,668.00
2025-09-28,Wings,89,979.00
2025-09-28,Caesar Salad,27,229.50
2025-09-28,Milkshake,63,346.50
2025-09-28,Soda,190,475.00
2025-09-29,Cheeseburger,58,551.00
2025-09-29,Chicken Sandwich,39,390.00
2025-09-29,Veggie Burger,15,135.00
2025-09-29,Fries,83,332.00
2025-09-29,Wings,45,495.00
2025-09-29,Caesar Salad,22,187.00
2025-09-29,Milkshake,31,170.50
2025-09-29,Soda,120,300.00
2025-09-30,Cheeseburger,67,636.50
2025-09-30,Chicken Sandwich,52,520.00
2025-09-30,Veggie Burger,15,135.00
2025-09-30,Fries,104,416.00
2025-09-30,Wings,42,462.00
2025-09-30,Caesar Salad,27,229.50
2025-09-30,Milkshake,35,192.50
2025-09-30,Soda,146,365.00
2025-10-01,Cheeseburger,61,579.50
2025-10-01,Chicken Sandwich,46,460.00
2025-10-01,Veggie Burger,15,135.00
2025-10-01,Fries,108,432.00
2025-10-01,Wings,50,550.00
2025-10-01,Caesar Salad,20,170.00
2025-10-01,Milkshake,37,203.50
2025-10-01,Soda,135,337.50
2025-10-02,Cheeseburger,84,798.00
2025-10-02,Chicken Sandwich,65,650.00
2025-10-02,Veggie Burger,16,144.00
2025-10-02,Fries,120,480.00
2025-10-02,Wings,56,616.00
2025-10-02,Caesar Salad,34,289.00
2025-10-02,Milkshake,29,159.50
2025-10-02,Soda,148,370.00
2025-10-03,Cheeseburger,103,978.50
2025-10-03,Chicken Sandwich,57,570.00
2025-10-03,Veggie Burger,17,153.00
2025-10-03,Fries,157,628.00
2025-10-03,Wings,115,1265.00
2025-10-03,Caesar Salad,30,255.00
2025-10-03,Milkshake,64,352.00
2025-10-03,Soda,178,445.00
2025-10-04,Cheeseburger,150,1425.00
2025-10-04,Chicken Sandwich,80,800.00
2025-10-04,Veggie Burger,29,261.00
2025-10-04,Fries,184,736.00
2025-10-04,Wings,103,1133.00
2025-10-04,Caesar Salad,38,323.00
2025-10-04,Milkshake,73,401.50
2025-10-04,Soda,270,675.00
2025-10-05,Cheeseburger,104,988.00
2025-10-05,Chicken Sandwich,58,580.00
2025-10-05,Veggie Burger,17,153.00
2025-10-05,Fries,143,572.00
2025-10-05,Wings,90,990.00
2025-10-05,Caesar Salad,29,246.50
2025-10-05,Milkshake,53,291.50
2025-10-05,Soda,187,467.50
2025-10-06,Cheeseburger,56,532.00
2025-10-06,Chicken Sandwich,40,400.00
2025-10-06,Veggie Burger,14,126.00
2025-10-06,Fries,115,460.00
2025-10-06,Wings,44,484.00
2025-10-06,Caesar Salad,21,178.50
2025-10-06,Milkshake,26,143.00
2025-10-06,Soda,121,302.50
2025-10-07,Cheeseburger,59,560.50
2025-10-07,Chicken Sandwich,45,450.00
2025-10-07,Veggie Burger,11,99.00
2025-10-07,Fries,116,464.00
2025-10-07,Wings,40,440.00
2025-10-07,Caesar Salad,22,187.00
2025-10-07,Milkshake,36,198.00
2025-10-07,Soda,100,250.00
2025-10-08,Cheeseburger,67,636.50
2025-10-08,Chicken Sandwich,47,470.00
2025-10-08,Veggie Burger,13,117.00
2025-10-08,Fries,127,508.00
2025-10-08,Wings,59,649.00
2025-10-08,Caesar Salad,19,161.50
2025-10-08,Milkshake,28,154.00
2025-10-08,Soda,138,345.00
2025-10-09,Cheeseburger,63,598.50
2025-10-09,Chicken Sandwich,49,490.00
2025-10-09,Veggie Burger,17,153.00
2025-10-09,Fries,131,524.00
2025-10-09,Wings,55,605.00
2025-10-09,Caesar Salad,28,238.00
2025-10-09,Milkshake,34,187.00
2025-10-09,Soda,162,405.00
2025-10-10,Cheeseburger,119,1130.50
2025-10-10,Chicken Sandwich,87,870.00
2025-10-10,Veggie Burger,21,189.00
2025-10-10,Fries,191,764.00
2025-10-10,Wings,100,1100.00
2025-10-10,Caesar Salad,33,280.50
2025-10-10,Milkshake,58,319.00
2025-10-10,Soda,228,570.00
2025-10-11,Cheeseburger,164,1558.00
2025-10-11,Chicken Sandwich,95,950.00
2025-10-11,Veggie Burger,27,243.00
2025-10-11,Fries,231,924.00
2025-10-11,Wings,126,1386.00
2025-10-11,Caesar Salad,39,331.50
2025-10-11,Milkshake,75,412.50
2025-10-11,Soda,255,637.50
2025-10-12,Cheeseburger,104,988.00
2025-10-12,Chicken Sandwich,60,600.00
2025-10-12,Veggie Burger,19,171.00
2025-10-12,Fries,119,476.00
2025-10-12,Wings,83,913.00
2025-10-12,Caesar Salad,29,246.50
2025-10-12,Milkshake,61,335.50
2025-10-12,Soda,173,432.50
2025-10-13,Cheeseburger,67,636.50
2025-10-13,Chicken Sandwich,41,410.00
2025-10-13,Veggie Burger,12,108.00
2025-10-13,Fries,81,324.00
2025-10-13,Wings,40,440.00
2025-10-13,Caesar Salad,19,161.50
2025-10-13,Milkshake,32,176.00
2025-10-13,Soda,109,272.50
2025-10-14,Cheeseburger,68,646.00
2025-10-14,Chicken Sandwich,44,440.00
2025-10-14,Veggie Burger,16,144.00
2025-10-14,Fries,117,468.00
2025-10-14,Wings,44,484.00
2025-10-14,Caesar Salad,23,195.50
2025-10-14,Milkshake,30,165.00
2025-10-14,Soda,96,240.00
2025-10-15,Cheeseburger,73,693.50
2025-10-15,Chicken Sandwich,53,530.00
2025-10-15,Veggie Burger,15,135.00
2025-10-15,Fries,103,412.00
2025-10-15,Wings,57,627.00
2025-10-15,Caesar Salad,18,153.00
2025-10-15,Milkshake,34,187.00
2025-10-15,Soda,129,322.50
2025-10-16,Cheeseburger,70,665.00
2025-10-16,Chicken Sandwich,60,600.00
2025-10-16,Veggie Burger,19,171.00
2025-10-16,Fries,118,472.00
2025-10-16,Wings,56,616.00
2025-10-16,Caesar Salad,27,229.50
2025-10-16,Milkshake,35,192.50
2025-10-16,Soda,119,297.50
2025-10-17,Cheeseburger,148,1406.00
2025-10-17,Chicken Sandwich,94,940.00
2025-10-17,Veggie Burger,25,225.00
2025-10-17,Fries,164,656.00
2025-10-17,Wings,128,1408.00
2025-10-17,Caesar Salad,42,357.00
2025-10-17,Milkshake,67,368.50
2025-10-17,Soda,186,465.00
2025-10-18,Cheeseburger,126,1197.00
2025-10-18,Chicken Sandwich,98,980.00
2025-10-18,Veggie Burger,23,207.00
2025-10-18,Fries,210,840.00
2025-10-18,Wings,129,1419.00
2025-10-18,Caesar Salad,31,263.50
2025-10-18,Milkshake,91,500.50
2025-10-18,Soda,276,690.00
2025-10-19,Cheeseburger,88,836.00
2025-10-19,Chicken Sandwich,57,570.00
2025-10-19,Veggie Burger,18,162.00
2025-10-19,Fries,135,540.00
2025-10-19,Wings,81,891.00
2025-10-19,Caesar Salad,19,161.50
2025-10-19,Milkshake,52,286.00
2025-10-19,Soda,207,517.50
2025-10-20,Cheeseburger,52,494.00
2025-10-20,Chicken Sandwich,40,400.00
2025-10-20,Veggie Burger,11,99.00
2025-10-20,Fries,105,420.00
2025-10-20,Wings,44,484.00
2025-10-20,Caesar Salad,28,238.00
2025-10-20,Milkshake,31,170.50
2025-10-20,Soda,108,270.00
2025-10-21,Cheeseburger,68,646.00
2025-10-21,Chicken Sandwich,41,410.00
2025-10-21,Veggie Burger,12,108.00
2025-10-21,Fries,108,432.00
2025-10-21,Wings,47,517.00
2025-10-21,Caesar Salad,24,204.00
2025-10-21,Milkshake,33,181.50
2025-10-21,Soda,113,282.50
2025-10-22,Cheeseburger,71,674.50
2025-10-22,Chicken Sandwich,56,560.00
2025-10-22,Veggie Burger,13,117.00
2025-10-22,Fries,133,532.00
2025-10-22,Wings,49,539.00
2025-10-22,Caesar Salad,23,195.50
2025-10-22,Milkshake,44,242.00
2025-10-22,Soda,129,322.50
2025-10-23,Cheeseburger,88,836.00
2025-10-23,Chicken Sandwich,57,570.00
2025-10-23,Veggie Burger,14,126.00
2025-10-23,Fries,124,496.00
2025-10-23,Wings,53,583.00
2025-10-23,Caesar Salad,24,204.00
2025-10-23,Milkshake,30,165.00
2025-10-23,Soda,143,357.50
2025-10-24,Cheeseburger,136,1292.00
2025-10-24,Chicken Sandwich,88,880.00
2025-10-24,Veggie Burger,22,198.00
2025-10-24,Fries,172,688.00
2025-10-24,Wings,91,1001.00
2025-10-24,Caesar Salad,32,272.00
2025-10-24,Milkshake,58,319.00
2025-10-24,Soda,205,512.50
2025-10-25,Cheeseburger,141,1339.50
2025-10-25,Chicken Sandwich,83,830.00
2025-10-25,Veggie Burger,25,225.00
2025-10-25,Fries,192,768.00
2025-10-25,Wings,114,1254.00
2025-10-25,Caesar Salad,40,340.00
2025-10-25,Milkshake,75,412.50
2025-10-25,Soda,246,615.00
2025-10-26,Cheeseburger,83,788.50
2025-10-26,Chicken Sandwich,65,650.00
2025-10-26,Veggie Burger,19,171.00
2025-10-26,Fries,167,668.00
2025-10-26,Wings,68,748.00
2025-10-26,Caesar Salad,29,246.50
2025-10-26,Milkshake,62,341.00
2025-10-26,Soda,167,417.50
2025-10-27,Cheeseburger,60,570.00
2025-10-27,Chicken Sandwich,44,440.00
2025-10-27,Veggie Burger,14,126.00
2025-10-27,Fries,106,424.00
2025-10-27,Wings,46,506.00
2025-10-27,Caesar Salad,23,195.50
2025-10-27,Milkshake,27,148.50
2025-10-27,Soda,111,277.50
2025-10-28,Cheeseburger,74,703.00
2025-10-28,Chicken Sandwich,43,430.00
2025-10-28,Veggie Burger,14,126.00
2025-10-28,Fries,98,392.00
2025-10-28,Wings,53,583.00
2025-10-28,Caesar Salad,22,187.00
2025-10-28,Milkshake,36,198.00
2025-10-28,Soda,107,267.50
2025-10-29,Cheeseburger,59,560.50
2025-10-29,Chicken Sandwich,48,480.00
2025-10-29,Veggie Burger,16,144.00
2025-10-29,Fries,114,456.00
2025-10-29,Wings,58,638.00
2025-10-29,Caesar Salad,24,204.00
2025-10-29,Milkshake,36,198.00
2025-10-29,Soda,114,285.00
2025-10-30,Cheeseburger,87,826.50
2025-10-30,Chicken Sandwich,56,560.00
2025-10-30,Veggie Burger,18,162.00
2025-10-30,Fries,126,504.00
2025-10-30,Wings,51,561.00
2025-10-30,Caesar Salad,27,229.50
2025-10-30,Milkshake,40,220.00
2025-10-30,Soda,141,352.50
2025-10-31,Cheeseburger,130,1235.00
2025-10-31,Chicken Sandwich,71,710.00
2025-10-31,Veggie Burger,23,207.00
2025-10-31,Fries,175,700.00
2025-10-31,Wings,90,990.00
2025-10-31,Caesar Salad,34,289.00
2025-10-31,Milkshake,52,286.00
2025-10-31,Soda,228,570.00
2025-11-01,Cheeseburger,164,1558.00
2025-11-01,Chicken Sandwich,98,980.00
2025-11-01,Veggie Burger,24,216.00
2025-11-01,Fries,198,792.00
2025-11-01,Wings,119,1309.00
2025-11-01,Caesar Salad,29,246.50
2025-11-01,Milkshake,79,434.50
2025-11-01,Soda,265,662.50
2025-11-02,Cheeseburger,105,997.50
2025-11-02,Chicken Sandwich,68,680.00
2025-11-02,Veggie Burger,20,180.00
2025-11-02,Fries,170,680.00
2025-11-02,Wings,100,1100.00
2025-11-02,Caesar Salad,30,255.00
2025-11-02,Milkshake,52,286.00
2025-11-02,Soda,170,425.00
2025-11-03,Cheeseburger,65,617.50
2025-11-03,Chicken Sandwich,52,520.00
2025-11-03,Veggie Burger,14,126.00
2025-11-03,Fries,90,360.00
2025-11-03,Wings,43,473.00
2025-11-03,Caesar Salad,18,153.00
2025-11-03,Milkshake,33,181.50
2025-11-03,Soda,100,250.00
2025-11-04,Cheeseburger,58,551.00
2025-11-04,Chicken Sandwich,35,350.00
2025-11-04,Veggie Burger,13,117.00
2025-11-04,Fries,117,468.00
2025-11-04,Wings,43,473.00
2025-11-04,Caesar Salad,20,170.00
2025-11-04,Milkshake,35,192.50
2025-11-04,Soda,122,305.00
2025-11-05,Cheeseburger,75,712.50
2025-11-05,Chicken Sandwich,54,540.00
2025-11-05,Veggie Burger,16,144.00
2025-11-05,Fries,98,392.00
2025-11-05,Wings,53,583.00
2025-11-05,Caesar Salad,28,238.00
2025-11-05,Milkshake,33,181.50
2025-11-05,Soda,111,277.50
2025-11-06,Cheeseburger,90,855.00
2025-11-06,Chicken Sandwich,52,520.00
2025-11-06,Veggie Burger,17,153.00
2025-11-06,Fries,130,520.00
2025-11-06,Wings,67,737.00
2025-11-06,Caesar Salad,31,263.50
2025-11-06,Milkshake,38,209.00
2025-11-06,Soda,162,405.00
2025-11-07,Cheeseburger,169,1605.50
2025-11-07,Chicken Sandwich,104,1040.00
2025-11-07,Veggie Burger,26,234.00
2025-11-07,Fries,174,696.00
2025-11-07,Wings,158,1738.00
2025-11-07,Caesar Salad,31,263.50
2025-11-07,Milkshake,67,368.50
2025-11-07,Soda,203,507.50
2025-11-08,Cheeseburger,179,1700.50
2025-11-08,Chicken Sandwich,104,1040.00
2025-11-08,Veggie Burger,22,198.00
2025-11-08,Fries,231,924.00
2025-11-08,Wings,129,1419.00
2025-11-08,Caesar Salad,39,331.50
2025-11-08,Milkshake,66,363.00
2025-11-08,Soda,225,562.50
2025-11-09,Cheeseburger,104,988.00
2025-11-09,Chicken Sandwich,73,730.00
2025-11-09,Veggie Burger,19,171.00
2025-11-09,Fries,179,716.00
2025-11-09,Wings,79,869.00
2025-11-09,Caesar Salad,23,195.50
2025-11-09,Milkshake,52,286.00
2025-11-09,Soda,210,525.00
2025-11-10,Cheeseburger,60,570.00
2025-11-10,Chicken Sandwich,56,560.00
2025-11-10,Veggie Burger,15,135.00
2025-11-10,Fries,89,356.00
2025-11-10,Wings,43,473.00
2025-11-10,Caesar Salad,25,212.50
2025-11-10,Milkshake,27,148.50
2025-11-10,Soda,154,385.00
2025-11-11,Cheeseburger,60,570.00
2025-11-11,Chicken Sandwich,51,510.00
2025-11-11,Veggie Burger,18,162.00
2025-11-11,Fries,109,436.00
2025-11-11,Wings,45,495.00
2025-11-11,Caesar Salad,25,212.50
2025-11-11,Milkshake,35,192.50
2025-11-11,Soda,141,352.50
2025-11-12,Cheeseburger,72,684.00
2025-11-12,Chicken Sandwich,41,410.00
2025-11-12,Veggie Burger,16,144.00
2025-11-12,Fries,108,432.00
2025-11-12,Wings,40,440.00
2025-11-12,Caesar Salad,25,212.50
2025-11-12,Milkshake,30,165.00
2025-11-12,Soda,144,360.00
2025-11-13,Cheeseburger,99,940.50
2025-11-13,Chicken Sandwich,67,670.00
2025-11-13,Veggie Burger,17,153.00
2025-11-13,Fries,123,492.00
2025-11-13,Wings,65,715.00
2025-11-13,Caesar Salad,34,289.00
2025-11-13,Milkshake,38,209.00
2025-11-13,Soda,147,367.50
2025-11-14,Cheeseburger,171,1624.50
2025-11-14,Chicken Sandwich,88,880.00
2025-11-14,Veggie Burger,23,207.00
2025-11-14,Fries,205,820.00
2025-11-14,Wings,117,1287.00
2025-11-14,Caesar Salad,32,272.00
2025-11-14,Milkshake,68,374.00
2025-11-14,Soda,192,480.00
2025-11-15,Cheeseburger,145,1377.50
2025-11-15,Chicken Sandwich,121,1210.00
2025-11-15,Veggie Burger,29,261.00
2025-11-15,Fries,222,888.00
2025-11-15,Wings,108,1188.00
2025-11-15,Caesar Salad,39,331.50
2025-11-15,Milkshake,88,484.00
2025-11-15,Soda,231,577.50
2025-11-16,Cheeseburger,129,1225.50
2025-11-16,Chicken Sandwich,61,610.00
2025-11-16,Veggie Burger,19,171.00
2025-11-16,Fries,199,796.00
2025-11-16,Wings,68,748.00
2025-11-16,Caesar Salad,34,289.00
2025-11-16,Milkshake,45,247.50
2025-11-16,Soda,180,450.00
2025-11-17,Cheeseburger,63,598.50
2025-11-17,Chicken Sandwich,48,480.00
2025-11-17,Veggie Burger,9,81.00
2025-11-17,Fries,80,320.00
2025-11-17,Wings,45,495.00
2025-11-17,Caesar Salad,24,204.00
2025-11-17,Milkshake,29,159.50
2025-11-17,Soda,117,292.50
2025-11-18,Cheeseburger,59,560.50
2025-11-18,Chicken Sandwich,45,450.00
2025-11-18,Veggie Burger,14,126.00
2025-11-18,Fries,114,456.00
2025-11-18,Wings,55,605.00
2025-11-18,Caesar Salad,30,255.00
2025-11-18,Milkshake,31,170.50
2025-11-18,Soda,123,307.50
2025-11-19,Cheeseburger,73,693.50
2025-11-19,Chicken Sandwich,48,480.00
2025-11-19,Veggie Burger,16,144.00
2025-11-19,Fries,95,380.00
2025-11-19,Wings,57,627.00
2025-11-19,Caesar Salad,24,204.00
2025-11-19,Milkshake,32,176.00
2025-11-19,Soda,110,275.00
2025-11-20,Cheeseburger,92,874.00
2025-11-20,Chicken Sandwich,54,540.00
2025-11-20,Veggie Burger,21,189.00
2025-11-20,Fries,135,540.00
2025-11-20,Wings,48,528.00
2025-11-20,Caesar Salad,26,221.00
2025-11-20,Milkshake,44,242.00
2025-11-20,Soda,137,342.50
2025-11-21,Cheeseburger,118,1121.00
2025-11-21,Chicken Sandwich,88,880.00
2025-11-21,Veggie Burger,24,216.00
2025-11-21,Fries,178,712.00
2025-11-21,Wings,106,1166.00
2025-11-21,Caesar Salad,35,297.50
2025-11-21,Milkshake,49,269.50
2025-11-21,Soda,237,592.50
2025-11-22,Cheeseburger,136,1292.00
2025-11-22,Chicken Sandwich,115,1150.00
2025-11-22,Veggie Burger,23,207.00
2025-11-22,Fries,183,732.00
2025-11-22,Wings,140,1540.00
2025-11-22,Caesar Salad,33,280.50
2025-11-22,Milkshake,72,396.00
2025-11-22,Soda,267,667.50
2025-11-23,Cheeseburger,106,1007.00
2025-11-23,Chicken Sandwich,59,590.00
2025-11-23,Veggie Burger,20,180.00
2025-11-23,Fries,162,648.00
2025-11-23,Wings,103,1133.00
2025-11-23,Caesar Salad,32,272.00
2025-11-23,Milkshake,79,434.50
2025-11-23,Soda,147,367.50
2025-11-24,Cheeseburger,64,608.00
2025-11-24,Chicken Sandwich,39,390.00
2025-11-24,Veggie Burger,17,153.00
2025-11-24,Fries,115,460.00
2025-11-24,Wings,53,583.00
2025-11-24,Caesar Salad,22,187.00
2025-11-24,Milkshake,29,159.50
2025-11-24,Soda,91,227.50
2025-11-25,Cheeseburger,83,788.50
2025-11-25,Chicken Sandwich,50,500.00
2025-11-25,Veggie Burger,15,135.00
2025-11-25,Fries,124,496.00
2025-11-25,Wings,56,616.00
2025-11-25,Caesar Salad,29,246.50
2025-11-25,Milkshake,28,154.00
2025-11-25,Soda,117,292.50
2025-11-26,Cheeseburger,74,703.00
2025-11-26,Chicken Sandwich,52,520.00
2025-11-26,Veggie Burger,18,162.00
2025-11-26,Fries,104,416.00
2025-11-26,Wings,55,605.00
2025-11-26,Caesar Salad,34,289.00
2025-11-26,Milkshake,39,214.50
2025-11-26,Soda,150,375.00
2025-11-27,Cheeseburger,80,760.00
2025-11-27,Chicken Sandwich,61,610.00
2025-11-27,Veggie Burger,22,198.00
2025-11-27,Fries,133,532.00
2025-11-27,Wings,69,759.00
2025-11-27,Caesar Salad,27,229.50
2025-11-27,Milkshake,43,236.50
2025-11-27,Soda,168,420.00
2025-11-28,Cheeseburger,124,1178.00
2025-11-28,Chicken Sandwich,102,1020.00
2025-11-28,Veggie Burger,23,207.00
2025-11-28,Fries,184,736.00
2025-11-28,Wings,110,1210.00
2025-11-28,Caesar Salad,45,382.50
2025-11-28,Milkshake,73,401.50
2025-11-28,Soda,250,625.00
2025-11-29,Cheeseburger,138,1311.00
2025-11-29,Chicken Sandwich,101,1010.00
2025-11-29,Veggie Burger,23,207.00
2025-11-29,Fries,211,844.00
2025-11-29,Wings,135,1485.00
2025-11-29,Caesar Salad,41,348.50
2025-11-29,Milkshake,92,506.00
2025-11-29,Soda,244,610.00
2025-11-30,Cheeseburger,108,1026.00
2025-11-30,Chicken Sandwich,85,850.00
2025-11-30,Veggie Burger,18,162.00
2025-11-30,Fries,136,544.00
2025-11-30,Wings,104,1144.00
2025-11-30,Caesar Salad,31,263.50
2025-11-30,Milkshake,43,236.50
2025-11-30,Soda,184,460.00
2025-12-01,Cheeseburger,67,636.50
2025-12-01,Chicken Sandwich,59,590.00
2025-12-01,Veggie Burger,15,135.00
2025-12-01,Fries,107,428.00
2025-12-01,Wings,47,517.00
2025-12-01,Caesar Salad,23,195.50
2025-12-01,Milkshake,32,176.00
2025-12-01,Soda,110,275.00
2025-12-02,Cheeseburger,66,627.00
2025-12-02,Chicken Sandwich,42,420.00
2025-12-02,Veggie Burger,14,126.00
2025-12-02,Fries,99,396.00
2025-12-02,Wings,53,583.00
2025-12-02,Caesar Salad,26,221.00
2025-12-02,Milkshake,32,176.00
2025-12-02,Soda,149,372.50
2025-12-03,Cheeseburger,79,750.50
2025-12-03,Chicken Sandwich,52,520.00
2025-12-03,Veggie Burger,17,153.00
2025-12-03,Fries,154,616.00
2025-12-03,Wings,62,682.00
2025-12-03,Caesar Salad,32,272.00
2025-12-03,Milkshake,28,154.00
2025-12-03,Soda,138,345.00
2025-12-04,Cheeseburger,66,627.00
2025-12-04,Chicken Sandwich,58,580.00
2025-12-04,Veggie Burger,21,189.00
2025-12-04,Fries,132,528.00
2025-12-04,Wings,71,781.00
2025-12-04,Caesar Salad,29,246.50
2025-12-04,Milkshake,47,258.50
2025-12-04,Soda,135,337.50
2025-12-05,Cheeseburger,145,1377.50
2025-12-05,Chicken Sandwich,104,1040.00
2025-12-05,Veggie Burger,29,261.00
2025-12-05,Fries,221,884.00
2025-12-05,Wings,150,1650.00
2025-12-05,Caesar Salad,38,323.00
2025-12-05,Milkshake,74,407.00
2025-12-05,Soda,165,412.50
2025-12-06,Cheeseburger,202,1919.00
2025-12-06,Chicken Sandwich,105,1050.00
2025-12-06,Veggie Burger,26,234.00
2025-12-06,Fries,288,1152.00
2025-12-06,Wings,155,1705.00
2025-12-06,Caesar Salad,46,391.00
2025-12-06,Milkshake,72,396.00
2025-12-06,Soda,289,722.50
2025-12-07,Cheeseburger,113,1073.50
2025-12-07,Chicken Sandwich,69,690.00
2025-12-07,Veggie Burger,25,225.00
2025-12-07,Fries,136,544.00
2025-12-07,Wings,106,1166.00
2025-12-07,Caesar Salad,35,297.50
2025-12-07,Milkshake,79,434.50
2025-12-07,Soda,209,522.50
2025-12-08,Cheeseburger,54,513.00
2025-12-08,Chicken Sandwich,44,440.00
2025-12-08,Veggie Burger,16,144.00
2025-12-08,Fries,121,484.00
2025-12-08,Wings,60,660.00
2025-12-08,Caesar Salad,20,170.00
2025-12-08,Milkshake,34,187.00
2025-12-08,Soda,149,372.50
2025-12-09,Cheeseburger,90,855.00
2025-12-09,Chicken Sandwich,64,640.00
2025-12-09,Veggie Burger,16,144.00
2025-12-09,Fries,139,556.00
2025-12-09,Wings,68,748.00
2025-12-09,Caesar Salad,32,272.00
2025-12-09,Milkshake,41,225.50
2025-12-09,Soda,156,390.00
2025-12-10,Cheeseburger,73,693.50
2025-12-10,Chicken Sandwich,46,460.00
2025-12-10,Veggie Burger,20,180.00
2025-12-10,Fries,125,500.00
2025-12-10,Wings,60,660.00
2025-12-10,Caesar Salad,28,238.00
2025-12-10,Milkshake,38,209.00
2025-12-10,Soda,154,385.00
2025-12-11,Cheeseburger,78,741.00
2025-12-11,Chicken Sandwich,62,620.00
2025-12-11,Veggie Burger,21,189.00
2025-12-11,Fries,143,572.00
2025-12-11,Wings,61,671.00
2025-12-11,Caesar Salad,37,314.50
2025-12-11,Milkshake,55,302.50
2025-12-11,Soda,155,387.50
2025-12-12,Cheeseburger,173,1643.50
2025-12-12,Chicken Sandwich,110,1100.00
2025-12-12,Veggie Burger,18,162.00
2025-12-12,Fries,204,816.00
2025-12-12,Wings,113,1243.00
2025-12-12,Caesar Salad,44,374.00
2025-12-12,Milkshake,80,440.00
2025-12-12,Soda,262,655.00
2025-12-13,Cheeseburger,180,1710.00
2025-12-13,Chicken Sandwich,98,980.00
2025-12-13,Veggie Burger,27,243.00
2025-12-13,Fries,213,852.00
2025-12-13,Wings,133,1463.00
2025-12-13,Caesar Salad,44,374.00
2025-12-13,Milkshake,89,489.50
2025-12-13,Soda,252,630.00
2025-12-14,Cheeseburger,136,1292.00
2025-12-14,Chicken Sandwich,90,900.00
2025-12-14,Veggie Burger,26,234.00
2025-12-14,Fries,199,796.00
2025-12-14,Wings,102,1122.00
2025-12-14,Caesar Salad,36,306.00
2025-12-14,Milkshake,68,374.00
2025-12-14,Soda,187,467.50
2025-12-15,Cheeseburger,82,779.00
2025-12-15,Chicken Sandwich,59,590.00
2025-12-15,Veggie Burger,20,180.00
2025-12-15,Fries,117,468.00
2025-12-15,Wings,56,616.00
2025-12-15,Caesar Salad,28,238.00
2025-12-15,Milkshake,36,198.00
2025-12-15,Soda,144,360.00
2025-12-16,Cheeseburger,75,712.50
2025-12-16,Chicken Sandwich,51,510.00
2025-12-16,Veggie Burger,21,189.00
2025-12-16,Fries,126,504.00
2025-12-16,Wings,57,627.00
2025-12-16,Caesar Salad,31,263.50
2025-12-16,Milkshake,39,214.50
2025-12-16,Soda,147,367.50
2025-12-17,Cheeseburger,80,760.00
2025-12-17,Chicken Sandwich,47,470.00
2025-12-17,Veggie Burger,18,162.00
2025-12-17,Fries,113,452.00
2025-12-17,Wings,62,682.00
2025-12-17,Caesar Salad,26,221.00
2025-12-17,Milkshake,45,247.50
2025-12-17,Soda,164,410.00
2025-12-18,Cheeseburger,92,874.00
2025-12-18,Chicken Sandwich,61,610.00
2025-12-18,Veggie Burger,21,189.00
2025-12-18,Fries,111,444.00
2025-12-18,Wings,58,638.00
2025-12-18,Caesar Salad,33,280.50
2025-12-18,Milkshake,47,258.50
2025-12-18,Soda,166,415.00
2025-12-19,Cheeseburger,133,1263.50
2025-12-19,Chicken Sandwich,101,1010.00
2025-12-19,Veggie Burger,26,234.00
2025-12-19,Fries,197,788.00
2025-12-19,Wings,127,1397.00
2025-12-19,Caesar Salad,40,340.00
2025-12-19,Milkshake,90,495.00
2025-12-19,Soda,269,672.50
2025-12-20,Cheeseburger,183,1738.50
2025-12-20,Chicken Sandwich,115,1150.00
2025-12-20,Veggie Burger,27,243.00
2025-12-20,Fries,223,892.00
2025-12-20,Wings,112,1232.00
2025-12-20,Caesar Salad,61,518.50
2025-12-20,Milkshake,76,418.00
2025-12-20,Soda,270,675.00
2025-12-21,Cheeseburger,118,1121.00
2025-12-21,Chicken Sandwich,79,790.00
2025-12-21,Veggie Burger,21,189.00
2025-12-21,Fries,143,572.00
2025-12-21,Wings,88,968.00
2025-12-21,Caesar Salad,28,238.00
2025-12-21,Milkshake,63,346.50
2025-12-21,Soda,187,467.50
2025-12-22,Cheeseburger,66,627.00
2025-12-22,Chicken Sandwich,51,510.00
2025-12-22,Veggie Burger,15,135.00
2025-12-22,Fries,130,520.00
2025-12-22,Wings,51,561.00
2025-12-22,Caesar Salad,28,238.00
2025-12-22,Milkshake,30,165.00
2025-12-22,Soda,145,362.50
2025-12-23,Cheeseburger,73,693.50
2025-12-23,Chicken Sandwich,55,550.00
2025-12-23,Veggie Burger,18,162.00
2025-12-23,Fries,121,484.00
2025-12-23,Wings,59,649.00
2025-12-23,Caesar Salad,27,229.50
2025-12-23,Milkshake,44,242.00
2025-12-23,Soda,159,397.50
2025-12-24,Cheeseburger,85,807.50
2025-12-24,Chicken Sandwich,48,480.00
2025-12-24,Veggie Burger,16,144.00
2025-12-24,Fries,121,484.00
2025-12-24,Wings,59,649.00
2025-12-24,Caesar Salad,32,272.00
2025-12-24,Milkshake,36,198.00
2025-12-24,Soda,173,432.50
2025-12-25,Cheeseburger,90,855.00
2025-12-25,Chicken Sandwich,47,470.00
2025-12-25,Veggie Burger,19,171.00
2025-12-25,Fries,101,404.00
2025-12-25,Wings,61,671.00
2025-12-25,Caesar Salad,31,263.50
2025-12-25,Milkshake,42,231.00
2025-12-25,Soda,162,405.00
2025-12-26,Cheeseburger,144,1368.00
2025-12-26,Chicken Sandwich,93,930.00
2025-12-26,Veggie Burger,32,288.00
2025-12-26,Fries,260,1040.00
2025-12-26,Wings,106,1166.00
2025-12-26,Caesar Salad,47,399.50
2025-12-26,Milkshake,63,346.50
2025-12-26,Soda,226,565.00
2025-12-27,Cheeseburger,199,1890.50
2025-12-27,Chicken Sandwich,81,810.00
2025-12-27,Veggie Burger,32,288.00
2025-12-27,Fries,214,856.00
2025-12-27,Wings,134,1474.00
2025-12-27,Caesar Salad,45,382.50
2025-12-27,Milkshake,105,577.50
2025-12-27,Soda,251,627.50
2025-12-28,Cheeseburger,123,1168.50
2025-12-28,Chicken Sandwich,88,880.00
2025-12-28,Veggie Burger,22,198.00
2025-12-28,Fries,167,668.00
2025-12-28,Wings,99,1089.00
2025-12-28,Caesar Salad,34,289.00
2025-12-28,Milkshake,71,390.50
2025-12-28,Soda,181,452.50
2025-12-29,Cheeseburger,68,646.00
2025-12-29,Chicken Sandwich,51,510.00
2025-12-29,Veggie Burger,16,144.00
2025-12-29,Fries,114,456.00
2025-12-29,Wings,54,594.00
2025-12-29,Caesar Salad,25,212.50
2025-12-29,Milkshake,33,181.50
2025-12-29,Soda,142,355.00
2025-12-30,Cheeseburger,66,627.00
2025-12-30,Chicken Sandwich,60,600.00
2025-12-30,Veggie Burger,18,162.00
2025-12-30,Fries,105,420.00
2025-12-30,Wings,59,649.00
2025-12-30,Caesar Salad,29,246.50
2025-12-30,Milkshake,42,231.00
2025-12-30,Soda,163,407.50
2025-12-31,Cheeseburger,78,741.00
2025-12-31,Chicken Sandwich,51,510.00
2025-12-31,Veggie Burger,17,153.00
2025-12-31,Fries,116,464.00
2025-12-31,Wings,55,605.00
2025-12-31,Caesar Salad,31,263.50
2025-12-31,Milkshake,41,225.50
2025-12-31,Soda,143,357.50
2026-01-01,Cheeseburger,61,579.50
2026-01-01,Chicken Sandwich,48,480.00
2026-01-01,Veggie Burger,14,126.00
2026-01-01,Fries,95,380.00
2026-01-01,Wings,49,539.00
2026-01-01,Caesar Salad,24,204.00
2026-01-01,Milkshake,29,159.50
2026-01-01,Soda,137,342.50
2026-01-02,Cheeseburger,124,1178.00
2026-01-02,Chicken Sandwich,75,750.00
2026-01-02,Veggie Burger,21,189.00
2026-01-02,Fries,179,716.00
2026-01-02,Wings,91,1001.00
2026-01-02,Caesar Salad,34,289.00
2026-01-02,Milkshake,70,385.00
2026-01-02,Soda,187,467.50
2026-01-03,Cheeseburger,132,1254.00
2026-01-03,Chicken Sandwich,91,910.00
2026-01-03,Veggie Burger,22,198.00
2026-01-03,Fries,162,648.00
2026-01-03,Wings,112,1232.00
2026-01-03,Caesar Salad,27,229.50
2026-01-03,Milkshake,79,434.50
2026-01-03,Soda,228,570.00
2026-01-04,Cheeseburger,94,893.00
2026-01-04,Chicken Sandwich,61,610.00
2026-01-04,Veggie Burger,20,180.00
2026-01-04,Fries,122,488.00
2026-01-04,Wings,64,704.00
2026-01-04,Caesar Salad,23,195.50
2026-01-04,Milkshake,46,253.00
2026-01-04,Soda,133,332.50
2026-01-05,Cheeseburger,54,513.00
2026-01-05,Chicken Sandwich,37,370.00
2026-01-05,Veggie Burger,11,99.00
2026-01-05,Fries,103,412.00
2026-01-05,Wings,33,363.00
2026-01-05,Caesar Salad,17,144.50
2026-01-05,Milkshake,28,154.00
2026-01-05,Soda,98,245.00
2026-01-06,Cheeseburger,60,570.00
2026-01-06,Chicken Sandwich,36,360.00
2026-01-06,Veggie Burger,11,99.00
2026-01-06,Fries,85,340.00
2026-01-06,Wings,39,429.00
2026-01-06,Caesar Salad,23,195.50
2026-01-06,Milkshake,27,148.50
2026-01-06,Soda,116,290.00
2026-01-07,Cheeseburger,64,608.00
2026-01-07,Chicken Sandwich,47,470.00
2026-01-07,Veggie Burger,15,135.00
2026-01-07,Fries,107,428.00
2026-01-07,Wings,49,539.00
2026-01-07,Caesar Salad,21,178.50
2026-01-07,Milkshake,29,159.50
2026-01-07,Soda,88,220.00
2026-01-08,Cheeseburger,69,655.50
2026-01-08,Chicken Sandwich,42,420.00
2026-01-08,Veggie Burger,16,144.00
2026-01-08,Fries,116,464.00
2026-01-08,Wings,42,462.00
2026-01-08,Caesar Salad,22,187.00
2026-01-08,Milkshake,32,176.00
2026-01-08,Soda,118,295.00
2026-01-09,Cheeseburger,115,1092.50
2026-01-09,Chicken Sandwich,64,640.00
2026-01-09,Veggie Burger,20,180.00
2026-01-09,Fries,135,540.00
2026-01-09,Wings,68,748.00
2026-01-09,Caesar Salad,33,280.50
2026-01-09,Milkshake,50,275.00
2026-01-09,Soda,174,435.00
2026-01-10,Cheeseburger,104,988.00
2026-01-10,Chicken Sandwich,69,690.00
2026-01-10,Veggie Burger,22,198.00
2026-01-10,Fries,178,712.00
2026-01-10,Wings,114,1254.00
2026-01-10,Caesar Salad,36,306.00
2026-01-10,Milkshake,63,346.50
2026-01-10,Soda,226,565.00
2026-01-11,Cheeseburger,104,988.00
2026-01-11,Chicken Sandwich,64,640.00
2026-01-11,Veggie Burger,16,144.00
2026-01-11,Fries,155,620.00
2026-01-11,Wings,90,990.00
2026-01-11,Caesar Salad,27,229.50
2026-01-11,Milkshake,58,319.00
2026-01-11,Soda,169,422.50
2026-01-12,Cheeseburger,59,560.50
2026-01-12,Chicken Sandwich,32,320.00
2026-01-12,Veggie Burger,10,90.00
2026-01-12,Fries,87,348.00
2026-01-12,Wings,32,352.00
2026-01-12,Caesar Salad,19,161.50
2026-01-12,Milkshake,30,165.00
2026-01-12,Soda,93,232.50
2026-01-13,Cheeseburger,61,579.50
2026-01-13,Chicken Sandwich,33,330.00
2026-01-13,Veggie Burger,12,108.00
2026-01-13,Fries,104,416.00
2026-01-13,Wings,44,484.00
2026-01-13,Caesar Salad,22,187.00
2026-01-13,Milkshake,34,187.00
2026-01-13,Soda,124,310.00
2026-01-14,Cheeseburger,54,513.00
2026-01-14,Chicken Sandwich,48,480.00
2026-01-14,Veggie Burger,13,117.00
2026-01-14,Fries,98,392.00
2026-01-14,Wings,45,495.00
2026-01-14,Caesar Salad,26,221.00
2026-01-14,Milkshake,26,143.00
2026-01-14,Soda,119,297.50
2026-01-15,Cheeseburger,71,674.50
2026-01-15,Chicken Sandwich,51,510.00
2026-01-15,Veggie Burger,15,135.00
2026-01-15,Fries,122,488.00
2026-01-15,Wings,46,506.00
2026-01-15,Caesar Salad,29,246.50
2026-01-15,Milkshake,35,192.50
2026-01-15,Soda,105,262.50
2026-01-16,Cheeseburger,119,1130.50
2026-01-16,Chicken Sandwich,76,760.00
2026-01-16,Veggie Burger,20,180.00
2026-01-16,Fries,155,620.00
2026-01-16,Wings,89,979.00
2026-01-16,Caesar Salad,25,212.50
2026-01-16,Milkshake,71,390.50
2026-01-16,Soda,162,405.00
2026-01-17,Cheeseburger,116,1102.00
2026-01-17,Chicken Sandwich,95,950.00
2026-01-17,Veggie Burger,24,216.00
2026-01-17,Fries,205,820.00
2026-01-17,Wings,121,1331.00
2026-01-17,Caesar Salad,33,280.50
2026-01-17,Milkshake,57,313.50
2026-01-17,Soda,229,572.50
2026-01-18,Cheeseburger,101,959.50
2026-01-18,Chicken Sandwich,59,590.00
2026-01-18,Veggie Burger,14,126.00
2026-01-18,Fries,159,636.00
2026-01-18,Wings,80,880.00
2026-01-18,Caesar Salad,21,178.50
2026-01-18,Milkshake,53,291.50
2026-01-18,Soda,126,315.00
2026-01-19,Cheeseburger,51,484.50
2026-01-19,Chicken Sandwich,32,320.00
2026-01-19,Veggie Burger,11,99.00
2026-01-19,Fries,79,316.00
2026-01-19,Wings,37,407.00
2026-01-19,Caesar Salad,22,187.00
2026-01-19,Milkshake,28,154.00
2026-01-19,Soda,109,272.50
2026-01-20,Cheeseburger,65,617.50
2026-01-20,Chicken Sandwich,38,380.00
2026-01-20,Veggie Burger,13,117.00
2026-01-20,Fries,99,396.00
2026-01-20,Wings,52,572.00
2026-01-20,Caesar Salad,24,204.00
2026-01-20,Milkshake,33,181.50
2026-01-20,Soda,120,300.00
2026-01-21,Cheeseburger,68,646.00
2026-01-21,Chicken Sandwich,33,330.00
2026-01-21,Veggie Burger,15,135.00
2026-01-21,Fries,101,404.00
2026-01-21,Wings,46,506.00
2026-01-21,Caesar Salad,21,178.50
2026-01-21,Milkshake,29,159.50
2026-01-21,Soda,119,297.50
2026-01-22,Cheeseburger,74,703.00
2026-01-22,Chicken Sandwich,38,380.00
2026-01-22,Veggie Burger,16,144.00
2026-01-22,Fries,102,408.00
2026-01-22,Wings,45,495.00
2026-01-22,Caesar Salad,26,221.00
2026-01-22,Milkshake,32,176.00
2026-01-22,Soda,116,290.00
2026-01-23,Cheeseburger,103,978.50
2026-01-23,Chicken Sandwich,78,780.00
2026-01-23,Veggie Burger,20,180.00
2026-01-23,Fries,148,592.00
2026-01-23,Wings,83,913.00
2026-01-23,Caesar Salad,30,255.00
2026-01-23,Milkshake,62,341.00
2026-01-23,Soda,164,410.00
2026-01-24,Cheeseburger,134,1273.00
2026-01-24,Chicken Sandwich,75,750.00
2026-01-24,Veggie Burger,30,270.00
2026-01-24,Fries,168,672.00
2026-01-24,Wings,93,1023.00
2026-01-24,Caesar Salad,35,297.50
2026-01-24,Milkshake,59,324.50
2026-01-24,Soda,229,572.50
2026-01-25,Cheeseburger,113,1073.50
2026-01-25,Chicken Sandwich,58,580.00
2026-01-25,Veggie Burger,17,153.00
2026-01-25,Fries,130,520.00
2026-01-25,Wings,75,825.00
2026-01-25,Caesar Salad,29,246.50
2026-01-25,Milkshake,53,291.50
2026-01-25,Soda,137,342.50
2026-01-26,Cheeseburger,64,608.00
2026-01-26,Chicken Sandwich,42,420.00
2026-01-26,Veggie Burger,13,117.00
2026-01-26,Fries,81,324.00
2026-01-26,Wings,41,451.00
2026-01-26,Caesar Salad,18,153.00
2026-01-26,Milkshake,29,159.50
2026-01-26,Soda,97,242.50
2026-01-27,Cheeseburger,42,399.00
2026-01-27,Chicken Sandwich,44,440.00
2026-01-27,Veggie Burger,13,117.00
2026-01-27,Fries,105,420.00
2026-01-27,Wings,42,462.00
2026-01-27,Caesar Salad,22,187.00
2026-01-27,Milkshake,33,181.50
2026-01-27,Soda,113,282.50
2026-01-28,Cheeseburger,63,598.50
2026-01-28,Chicken Sandwich,58,580.00
2026-01-28,Veggie Burger,13,117.00
2026-01-28,Fries,101,404.00
2026-01-28,Wings,55,605.00
2026-01-28,Caesar Salad,21,178.50
2026-01-28,Milkshake,27,148.50
2026-01-28,Soda,95,237.50
2026-01-29,Cheeseburger,72,684.00
2026-01-29,Chicken Sandwich,50,500.00
2026-01-29,Veggie Burger,17,153.00
2026-01-29,Fries,92,368.00
2026-01-29,Wings,57,627.00
2026-01-29,Caesar Salad,29,246.50
2026-01-29,Milkshake,33,181.50
2026-01-29,Soda,127,317.50
2026-01-30,Cheeseburger,124,1178.00
2026-01-30,Chicken Sandwich,79,790.00
2026-01-30,Veggie Burger,22,198.00
2026-01-30,Fries,149,596.00
2026-01-30,Wings,91,1001.00
2026-01-30,Caesar Salad,26,221.00
2026-01-30,Milkshake,64,352.00
2026-01-30,Soda,200,500.00
2026-01-31,Cheeseburger,126,1197.00
2026-01-31,Chicken Sandwich,87,870.00
2026-01-31,Veggie Burger,19,171.00
2026-01-31,Fries,209,836.00
2026-01-31,Wings,97,1067.00
2026-01-31,Caesar Salad,35,297.50
2026-01-31,Milkshake,75,412.50
2026-01-31,Soda,191,477.50
2026-02-01,Cheeseburger,107,1016.50
2026-02-01,Chicken Sandwich,62,620.00
2026-02-01,Veggie Burger,17,153.00
2026-02-01,Fries,149,596.00
2026-02-01,Wings,64,704.00
2026-02-01,Caesar Salad,27,229.50
2026-02-01,Milkshake,49,269.50
2026-02-01,Soda,173,432.50
2026-02-02,Cheeseburger,53,503.50
2026-02-02,Chicken Sandwich,36,360.00
2026-02-02,Veggie Burger,13,117.00
2026-02-02,Fries,88,352.00
2026-02-02,Wings,35,385.00
2026-02-02,Caesar Salad,20,170.00
2026-02-02,Milkshake,31,170.50
2026-02-02,Soda,101,252.50
2026-02-03,Cheeseburger,52,494.00
2026-02-03,Chicken Sandwich,43,430.00
2026-02-03,Veggie Burger,10,90.00
2026-02-03,Fries,70,280.00
2026-02-03,Wings,43,473.00
2026-02-03,Caesar Salad,22,187.00
2026-02-03,Milkshake,30,165.00
2026-02-03,Soda,97,242.50
2026-02-04,Cheeseburger,60,570.00
2026-02-04,Chicken Sandwich,35,350.00
2026-02-04,Veggie Burger,14,126.00
2026-02-04,Fries,80,320.00
2026-02-04,Wings,45,495.00
2026-02-04,Caesar Salad,24,204.00
2026-02-04,Milkshake,24,132.00
2026-02-04,Soda,107,267.50
2026-02-05,Cheeseburger,74,703.00
2026-02-05,Chicken Sandwich,55,550.00
2026-02-05,Veggie Burger,13,117.00
2026-02-05,Fries,115,460.00
2026-02-05,Wings,43,473.00
2026-02-05,Caesar Salad,21,178.50
2026-02-05,Milkshake,40,220.00
2026-02-05,Soda,138,345.00
2026-02-06,Cheeseburger,104,988.00
2026-02-06,Chicken Sandwich,78,780.00
2026-02-06,Veggie Burger,22,198.00
2026-02-06,Fries,175,700.00
2026-02-06,Wings,118,1298.00
2026-02-06,Caesar Salad,33,280.50
2026-02-06,Milkshake,38,209.00
2026-02-06,Soda,183,457.50
2026-02-07,Cheeseburger,116,1102.00
2026-02-07,Chicken Sandwich,82,820.00
2026-02-07,Veggie Burger,23,207.00
2026-02-07,Fries,176,704.00
2026-02-07,Wings,90,990.00
2026-02-07,Caesar Salad,40,340.00
2026-02-07,Milkshake,71,390.50
2026-02-07,Soda,193,482.50
2026-02-08,Cheeseburger,101,959.50
2026-02-08,Chicken Sandwich,67,670.00
2026-02-08,Veggie Burger,19,171.00
2026-02-08,Fries,122,488.00
2026-02-08,Wings,83,913.00
2026-02-08,Caesar Salad,23,195.50
2026-02-08,Milkshake,55,302.50
2026-02-08,Soda,151,377.50
2026-02-09,Cheeseburger,40,380.00
2026-02-09,Chicken Sandwich,38,380.00
2026-02-09,Veggie Burger,10,90.00
2026-02-09,Fries,86,344.00
2026-02-09,Wings,41,451.00
2026-02-09,Caesar Salad,19,161.50
2026-02-09,Milkshake,22,121.00
2026-02-09,Soda,88,220.00
2026-02-10,Cheeseburger,52,494.00
2026-02-10,Chicken Sandwich,39,390.00
2026-02-10,Veggie Burger,15,135.00
2026-02-10,Fries,102,408.00
2026-02-10,Wings,41,451.00
2026-02-10,Caesar Salad,25,212.50
2026-02-10,Milkshake,24,132.00
2026-02-10,Soda,117,292.50
2026-02-11,Cheeseburger,60,570.00
2026-02-11,Chicken Sandwich,43,430.00
2026-02-11,Veggie Burger,15,135.00
2026-02-11,Fries,92,368.00
2026-02-11,Wings,50,550.00
2026-02-11,Caesar Salad,23,195.50
2026-02-11,Milkshake,40,220.00
2026-02-11,Soda,111,277.50
2026-02-12,Cheeseburger,79,750.50
2026-02-12,Chicken Sandwich,51,510.00
2026-02-12,Veggie Burger,13,117.00
2026-02-12,Fries,129,516.00
2026-02-12,Wings,45,495.00
2026-02-12,Caesar Salad,19,161.50
2026-02-12,Milkshake,38,209.00
2026-02-12,Soda,144,360.00
2026-02-13,Cheeseburger,116,1102.00
2026-02-13,Chicken Sandwich,74,740.00
2026-02-13,Veggie Burger,25,225.00
2026-02-13,Fries,187,748.00
2026-02-13,Wings,86,946.00
2026-02-13,Caesar Salad,34,289.00
2026-02-13,Milkshake,51,280.50
2026-02-13,Soda,177,442.50
2026-02-14,Cheeseburger,112,1064.00
2026-02-14,Chicken Sandwich,62,620.00
2026-02-14,Veggie Burger,20,180.00
2026-02-14,Fries,219,876.00
2026-02-14,Wings,90,990.00
2026-02-14,Caesar Salad,32,272.00
2026-02-14,Milkshake,57,313.50
2026-02-14,Soda,233,582.50
2026-02-15,Cheeseburger,94,893.00
2026-02-15,Chicken Sandwich,66,660.00
2026-02-15,Veggie Burger,17,153.00
2026-02-15,Fries,121,484.00
2026-02-15,Wings,67,737.00
2026-02-15,Caesar Salad,28,238.00
2026-02-15,Milkshake,48,264.00
2026-02-15,Soda,169,422.50
2026-02-16,Cheeseburger,34,323.00
2026-02-16,Chicken Sandwich,43,430.00
2026-02-16,Veggie Burger,12,108.00
2026-02-16,Fries,112,448.00
2026-02-16,Wings,38,418.00
2026-02-16,Caesar Salad,21,178.50
2026-02-16,Milkshake,30,165.00
2026-02-16,Soda,92,230.00
2026-02-17,Cheeseburger,64,608.00
2026-02-17,Chicken Sandwich,37,370.00
2026-02-17,Veggie Burger,15,135.00
2026-02-17,Fries,103,412.00
2026-02-17,Wings,46,506.00
2026-02-17,Caesar Salad,20,170.00
2026-02-17,Milkshake,28,154.00
2026-02-17,Soda,113,282.50
2026-02-18,Cheeseburger,47,446.50
2026-02-18,Chicken Sandwich,40,400.00
2026-02-18,Veggie Burger,15,135.00
2026-02-18,Fries,85,340.00
2026-02-18,Wings,53,583.00
2026-02-18,Caesar Salad,21,178.50
2026-02-18,Milkshake,32,176.00
2026-02-18,Soda,100,250.00
2026-02-19,Cheeseburger,72,684.00
2026-02-19,Chicken Sandwich,50,500.00
2026-02-19,Veggie Burger,18,162.00
2026-02-19,Fries,129,516.00
2026-02-19,Wings,59,649.00
2026-02-19,Caesar Salad,26,221.00
2026-02-19,Milkshake,29,159.50
2026-02-19,Soda,149,372.50
2026-02-20,Cheeseburger,97,921.50
2026-02-20,Chicken Sandwich,72,720.00
2026-02-20,Veggie Burger,23,207.00
2026-02-20,Fries,182,728.00
2026-02-20,Wings,112,1232.00
2026-02-20,Caesar Salad,31,263.50
2026-02-20,Milkshake,48,264.00
2026-02-20,Soda,184,460.00
2026-02-21,Cheeseburger,131,1244.50
2026-02-21,Chicken Sandwich,81,810.00
2026-02-21,Veggie Burger,27,243.00
2026-02-21,Fries,186,744.00
2026-02-21,Wings,86,946.00
2026-02-21,Caesar Salad,37,314.50
2026-02-21,Milkshake,58,319.00
2026-02-21,Soda,255,637.50
2026-02-22,Cheeseburger,97,921.50
2026-02-22,Chicken Sandwich,52,520.00
2026-02-22,Veggie Burger,19,171.00
2026-02-22,Fries,181,724.00
2026-02-22,Wings,58,638.00
2026-02-22,Caesar Salad,28,238.00
2026-02-22,Milkshake,52,286.00
2026-02-22,Soda,159,397.50
2026-02-23,Cheeseburger,57,541.50
2026-02-23,Chicken Sandwich,40,400.00
2026-02-23,Veggie Burger,11,99.00
2026-02-23,Fries,104,416.00
2026-02-23,Wings,34,374.00
2026-02-23,Caesar Salad,25,212.50
2026-02-23,Milkshake,32,176.00
2026-02-23,Soda,88,220.00
2026-02-24,Cheeseburger,58,551.00
2026-02-24,Chicken Sandwich,47,470.00
2026-02-24,Veggie Burger,12,108.00
2026-02-24,Fries,93,372.00
2026-02-24,Wings,42,462.00
2026-02-24,Caesar Salad,25,212.50
2026-02-24,Milkshake,27,148.50
2026-02-24,Soda,109,272.50
2026-02-25,Cheeseburger,66,627.00
2026-02-25,Chicken Sandwich,41,410.00
2026-02-25,Veggie Burger,12,108.00
2026-02-25,Fries,84,336.00
2026-02-25,Wings,38,418.00
2026-02-25,Caesar Salad,20,170.00
2026-02-25,Milkshake,25,137.50
2026-02-25,Soda,106,265.00
2026-02-26,Cheeseburger,71,674.50
2026-02-26,Chicken Sandwich,48,480.00
2026-02-26,Veggie Burger,14,126.00
2026-02-26,Fries,98,392.00
2026-02-26,Wings,45,495.00
2026-02-26,Caesar Salad,21,178.50
2026-02-26,Milkshake,29,159.50
2026-02-26,Soda,140,350.00
2026-02-27,Cheeseburger,96,912.00
2026-02-27,Chicken Sandwich,77,770.00
2026-02-27,Veggie Burger,19,171.00
2026-02-27,Fries,224,896.00
2026-02-27,Wings,74,814.00
2026-02-27,Caesar Salad,32,272.00
2026-02-27,Milkshake,58,319.00
2026-02-27,Soda,174,435.00
2026-02-28,Cheeseburger,134,1273.00
2026-02-28,Chicken Sandwich,87,870.00
2026-02-28,Veggie Burger,20,180.00
2026-02-28,Fries,203,812.00
2026-02-28,Wings,109,1199.00
2026-02-28,Caesar Salad,40,340.00
2026-02-28,Milkshake,62,341.00
2026-02-28,Soda,250,625.00
2026-03-01,Cheeseburger,103,978.50
2026-03-01,Chicken Sandwich,53,530.00
2026-03-01,Veggie Burger,20,180.00
2026-03-01,Fries,157,628.00
2026-03-01,Wings,77,847.00
2026-03-01,Caesar Salad,32,272.00
2026-03-01,Milkshake,52,286.00
2026-03-01,Soda,196,490.00
2026-03-02,Cheeseburger,61,579.50
2026-03-02,Chicken Sandwich,46,460.00
2026-03-02,Veggie Burger,15,135.00
2026-03-02,Fries,106,424.00
2026-03-02,Wings,40,440.00
2026-03-02,Caesar Salad,26,221.00
2026-03-02,Milkshake,31,170.50
2026-03-02,Soda,143,357.50
2026-03-03,Cheeseburger,69,655.50
2026-03-03,Chicken Sandwich,49,490.00
2026-03-03,Veggie Burger,13,117.00
2026-03-03,Fries,101,404.00
2026-03-03,Wings,50,550.00
2026-03-03,Caesar Salad,21,178.50
2026-03-03,Milkshake,28,154.00
2026-03-03,Soda,121,302.50
2026-03-04,Cheeseburger,69,655.50
2026-03-04,Chicken Sandwich,49,490.00
2026-03-04,Veggie Burger,18,162.00
2026-03-04,Fries,107,428.00
2026-03-04,Wings,56,616.00
2026-03-04,Caesar Salad,26,221.00
2026-03-04,Milkshake,34,187.00
2026-03-04,Soda,134,335.00
2026-03-05,Cheeseburger,58,551.00
2026-03-05,Chicken Sandwich,53,530.00
2026-03-05,Veggie Burger,16,144.00
2026-03-05,Fries,111,444.00
2026-03-05,Wings,45,495.00
2026-03-05,Caesar Salad,27,229.50
2026-03-05,Milkshake,30,165.00
2026-03-05,Soda,160,400.00
2026-03-06,Cheeseburger,126,1197.00
2026-03-06,Chicken Sandwich,69,690.00
2026-03-06,Veggie Burger,22,198.00
2026-03-06,Fries,212,848.00
2026-03-06,Wings,98,1078.00
2026-03-06,Caesar Salad,34,289.00
2026-03-06,Milkshake,65,357.50
2026-03-06,Soda,211,527.50
2026-03-07,Cheeseburger,115,1092.50
2026-03-07,Chicken Sandwich,95,950.00
2026-03-07,Veggie Burger,24,216.00
2026-03-07,Fries,293,1172.00
2026-03-07,Wings,114,1254.00
2026-03-07,Caesar Salad,37,314.50
2026-03-07,Milkshake,84,462.00
2026-03-07,Soda,234,585.00
2026-03-08,Cheeseburger,109,1035.50
2026-03-08,Chicken Sandwich,63,630.00
2026-03-08,Veggie Burger,23,207.00
2026-03-08,Fries,147,588.00
2026-03-08,Wings,90,990.00
2026-03-08,Caesar Salad,33,280.50
2026-03-08,Milkshake,53,291.50
2026-03-08,Soda,175,437.50
2026-03-09,Cheeseburger,66,627.00
2026-03-09,Chicken Sandwich,46,460.00
2026-03-09,Veggie Burger,12,108.00
2026-03-09,Fries,103,412.00
2026-03-09,Wings,41,451.00
2026-03-09,Caesar Salad,21,178.50
2026-03-09,Milkshake,28,154.00
2026-03-09,Soda,133,332.50
2026-03-10,Cheeseburger,78,741.00
2026-03-10,Chicken Sandwich,59,590.00
2026-03-10,Veggie Burger,15,135.00
2026-03-10,Fries,96,384.00
2026-03-10,Wings,44,484.00
2026-03-10,Caesar Salad,29,246.50
2026-03-10,Milkshake,27,148.50
2026-03-10,Soda,119,297.50
2026-03-11,Cheeseburger,65,617.50
2026-03-11,Chicken Sandwich,58,580.00
2026-03-11,Veggie Burger,14,126.00
2026-03-11,Fries,128,512.00
2026-03-11,Wings,60,660.00
2026-03-11,Caesar Salad,26,221.00
2026-03-11,Milkshake,37,203.50
2026-03-11,Soda,106,265.00
2026-03-12,Cheeseburger,77,731.50
2026-03-12,Chicken Sandwich,52,520.00
2026-03-12,Veggie Burger,12,108.00
2026-03-12,Fries,132,528.00
2026-03-12,Wings,61,671.00
2026-03-12,Caesar Salad,23,195.50
2026-03-12,Milkshake,32,176.00
2026-03-12,Soda,132,330.00
2026-03-13,Cheeseburger,122,1159.00
2026-03-13,Chicken Sandwich,83,830.00
2026-03-13,Veggie Burger,21,189.00
2026-03-13,Fries,172,688.00
2026-03-13,Wings,110,1210.00
2026-03-13,Caesar Salad,33,280.50
2026-03-13,Milkshake,67,368.50
2026-03-13,Soda,210,525.00
2026-03-14,Cheeseburger,153,1453.50
2026-03-14,Chicken Sandwich,94,940.00
2026-03-14,Veggie Burger,29,261.00
2026-03-14,Fries,220,880.00
2026-03-14,Wings,130,1430.00
2026-03-14,Caesar Salad,45,382.50
2026-03-14,Milkshake,62,341.00
2026-03-14,Soda,266,665.00
2026-03-15,Cheeseburger,129,1225.50
2026-03-15,Chicken Sandwich,62,620.00
2026-03-15,Veggie Burger,19,171.00
2026-03-15,Fries,152,608.00
2026-03-15,Wings,91,1001.00
2026-03-15,Caesar Salad,31,263.50
2026-03-15,Milkshake,51,280.50
2026-03-15,Soda,204,510.00
2026-03-16,Cheeseburger,56,532.00
2026-03-16,Chicken Sandwich,42,420.00
2026-03-16,Veggie Burger,16,144.00
2026-03-16,Fries,124,496.00
2026-03-16,Wings,44,484.00
2026-03-16,Caesar Salad,25,212.50
2026-03-16,Milkshake,32,176.00
2026-03-16,Soda,94,235.00
2026-03-17,Cheeseburger,58,551.00
2026-03-17,Chicken Sandwich,39,390.00
2026-03-17,Veggie Burger,14,126.00
2026-03-17,Fries,102,408.00
2026-03-17,Wings,50,550.00
2026-03-17,Caesar Salad,29,246.50
2026-03-17,Milkshake,35,192.50
2026-03-17,Soda,163,407.50
2026-03-18,Cheeseburger,68,646.00
2026-03-18,Chicken Sandwich,53,530.00
2026-03-18,Veggie Burger,17,153.00
2026-03-18,Fries,134,536.00
2026-03-18,Wings,50,550.00
2026-03-18,Caesar Salad,29,246.50
2026-03-18,Milkshake,42,231.00
2026-03-18,Soda,120,300.00
2026-03-19,Cheeseburger,77,731.50
2026-03-19,Chicken Sandwich,57,570.00
2026-03-19,Veggie Burger,17,153.00
2026-03-19,Fries,113,452.00
2026-03-19,Wings,71,781.00
2026-03-19,Caesar Salad,28,238.00
2026-03-19,Milkshake,47,258.50
2026-03-19,Soda,137,342.50
2026-03-20,Cheeseburger,128,1216.00
2026-03-20,Chicken Sandwich,95,950.00
2026-03-20,Veggie Burger,23,207.00
2026-03-20,Fries,175,700.00
2026-03-20,Wings,97,1067.00
2026-03-20,Caesar Salad,37,314.50
2026-03-20,Milkshake,63,346.50
2026-03-20,Soda,219,547.50
2026-03-21,Cheeseburger,106,1007.00
2026-03-21,Chicken Sandwich,90,900.00
2026-03-21,Veggie Burger,26,234.00
2026-03-21,Fries,205,820.00
2026-03-21,Wings,104,1144.00
2026-03-21,Caesar Salad,35,297.50
2026-03-21,Milkshake,76,418.00
2026-03-21,Soda,283,707.50
2026-03-22,Cheeseburger,89,845.50
2026-03-22,Chicken Sandwich,68,680.00
2026-03-22,Veggie Burger,22,198.00
2026-03-22,Fries,166,664.00
2026-03-22,Wings,86,946.00
2026-03-22,Caesar Salad,27,229.50
2026-03-22,Milkshake,56,308.00
2026-03-22,Soda,174,435.00
2026-03-23,Cheeseburger,46,437.00
2026-03-23,Chicken Sandwich,39,390.00
2026-03-23,Veggie Burger,11,99.00
2026-03-23,Fries,117,468.00
2026-03-23,Wings,51,561.00
2026-03-23,Caesar Salad,21,178.50
2026-03-23,Milkshake,34,187.00
2026-03-23,Soda,151,377.50
2026-03-24,Cheeseburger,61,579.50
2026-03-24,Chicken Sandwich,53,530.00
2026-03-24,Veggie Burger,16,144.00
2026-03-24,Fries,105,420.00
2026-03-24,Wings,43,473.00
2026-03-24,Caesar Salad,23,195.50
2026-03-24,Milkshake,32,176.00
2026-03-24,Soda,90,225.00
2026-03-25,Cheeseburger,75,712.50
2026-03-25,Chicken Sandwich,46,460.00
2026-03-25,Veggie Burger,17,153.00
2026-03-25,Fries,108,432.00
2026-03-25,Wings,72,792.00
2026-03-25,Caesar Salad,21,178.50
2026-03-25,Milkshake,31,170.50
2026-03-25,Soda,143,357.50
2026-03-26,Cheeseburger,100,950.00
2026-03-26,Chicken Sandwich,47,470.00
2026-03-26,Veggie Burger,21,189.00
2026-03-26,Fries,113,452.00
2026-03-26,Wings,68,748.00
2026-03-26,Caesar Salad,30,255.00
2026-03-26,Milkshake,49,269.50
2026-03-26,Soda,177,442.50
2026-03-27,Cheeseburger,121,1149.50
2026-03-27,Chicken Sandwich,117,1170.00
2026-03-27,Veggie Burger,20,180.00
2026-03-27,Fries,189,756.00
2026-03-27,Wings,130,1430.00
2026-03-27,Caesar Salad,32,272.00
2026-03-27,Milkshake,63,346.50
2026-03-27,Soda,221,552.50
2026-03-28,Cheeseburger,154,1463.00
2026-03-28,Chicken Sandwich,101,1010.00
2026-03-28,Veggie Burger,24,216.00
2026-03-28,Fries,224,896.00
2026-03-28,Wings,128,1408.00
2026-03-28,Caesar Salad,47,399.50
2026-03-28,Milkshake,79,434.50
2026-03-28,Soda,205,512.50
2026-03-29,Cheeseburger,108,1026.00
2026-03-29,Chicken Sandwich,66,660.00
2026-03-29,Veggie Burger,22,198.00
2026-03-29,Fries,128,512.00
2026-03-29,Wings,93,1023.00
2026-03-29,Caesar Salad,25,212.50
2026-03-29,Milkshake,64,352.00
2026-03-29,Soda,194,485.00
2026-03-30,Cheeseburger,64,608.00
2026-03-30,Chicken Sandwich,46,460.00
2026-03-30,Veggie Burger,13,117.00
2026-03-30,Fries,110,440.00
2026-03-30,Wings,47,517.00
2026-03-30,Caesar Salad,25,212.50
2026-03-30,Milkshake,31,170.50
2026-03-30,Soda,82,205.00
2026-03-31,Cheeseburger,62,589.00
2026-03-31,Chicken Sandwich,54,540.00
2026-03-31,Veggie Burger,18,162.00
2026-03-31,Fries,109,436.00
2026-03-31,Wings,49,539.00
2026-03-31,Caesar Salad,24,204.00
2026-03-31,Milkshake,36,198.00
2026-03-31,Soda,133,332.50
2026-04-01,Cheeseburger,65,617.50
2026-04-01,Chicken Sandwich,55,550.00
2026-04-01,Veggie Burger,19,171.00
2026-04-01,Fries,107,428.00
2026-04-01,Wings,54,594.00
2026-04-01,Caesar Salad,29,246.50
2026-04-01,Milkshake,40,220.00
2026-04-01,Soda,132,330.00
2026-04-02,Cheeseburger,77,731.50
2026-04-02,Chicken Sandwich,53,530.00
2026-04-02,Veggie Burger,19,171.00
2026-04-02,Fries,141,564.00
2026-04-02,Wings,62,682.00
2026-04-02,Caesar Salad,26,221.00
2026-04-02,Milkshake,36,198.00
2026-04-02,Soda,166,415.00
2026-04-03,Cheeseburger,119,1130.50
2026-04-03,Chicken Sandwich,94,940.00
2026-04-03,Veggie Burger,24,216.00
2026-04-03,Fries,193,772.00
2026-04-03,Wings,113,1243.00
2026-04-03,Caesar Salad,45,382.50
2026-04-03,Milkshake,75,412.50
2026-04-03,Soda,221,552.50
2026-04-04,Cheeseburger,127,1206.50
2026-04-04,Chicken Sandwich,108,1080.00
2026-04-04,Veggie Burger,32,288.00
2026-04-04,Fries,248,992.00
2026-04-04,Wings,143,1573.00
2026-04-04,Caesar Salad,44,374.00
2026-04-04,Milkshake,68,374.00
2026-04-04,Soda,254,635.00
2026-04-05,Cheeseburger,121,1149.50
2026-04-05,Chicken Sandwich,81,810.00
2026-04-05,Veggie Burger,19,171.00
2026-04-05,Fries,168,672.00
2026-04-05,Wings,96,1056.00
2026-04-05,Caesar Salad,35,297.50
2026-04-05,Milkshake,66,363.00
2026-04-05,Soda,202,505.00
2026-04-06,Cheeseburger,69,655.50
2026-04-06,Chicken Sandwich,40,400.00
2026-04-06,Veggie Burger,13,117.00
2026-04-06,Fries,106,424.00
2026-04-06,Wings,56,616.00
2026-04-06,Caesar Salad,26,221.00
2026-04-06,Milkshake,35,192.50
2026-04-06,Soda,102,255.00
2026-04-07,Cheeseburger,58,551.00
2026-04-07,Chicken Sandwich,55,550.00
2026-04-07,Veggie Burger,16,144.00
2026-04-07,Fries,96,384.00
2026-04-07,Wings,58,638.00
2026-04-07,Caesar Salad,27,229.50
2026-04-07,Milkshake,48,264.00
2026-04-07,Soda,151,377.50
2026-04-08,Cheeseburger,77,731.50
2026-04-08,Chicken Sandwich,50,500.00
2026-04-08,Veggie Burger,17,153.00
2026-04-08,Fries,119,476.00
2026-04-08,Wings,46,506.00
2026-04-08,Caesar Salad,31,263.50
2026-04-08,Milkshake,38,209.00
2026-04-08,Soda,93,232.50
2026-04-09,Cheeseburger,76,722.00
2026-04-09,Chicken Sandwich,51,510.00
2026-04-09,Veggie Burger,21,189.00
2026-04-09,Fries,134,536.00
2026-04-09,Wings,73,803.00
2026-04-09,Caesar Salad,25,212.50
2026-04-09,Milkshake,36,198.00
2026-04-09,Soda,175,437.50
2026-04-10,Cheeseburger,129,1225.50
2026-04-10,Chicken Sandwich,80,800.00
2026-04-10,Veggie Burger,24,216.00
2026-04-10,Fries,190,760.00
2026-04-10,Wings,120,1320.00
2026-04-10,Caesar Salad,43,365.50
2026-04-10,Milkshake,59,324.50
2026-04-10,Soda,222,555.00
2026-04-11,Cheeseburger,155,1472.50
2026-04-11,Chicken Sandwich,103,1030.00
2026-04-11,Veggie Burger,31,279.00
2026-04-11,Fries,235,940.00
2026-04-11,Wings,117,1287.00
2026-04-11,Caesar Salad,36,306.00
2026-04-11,Milkshake,63,346.50
2026-04-11,Soda,245,612.50
2026-04-12,Cheeseburger,114,1083.00
2026-04-12,Chicken Sandwich,83,830.00
2026-04-12,Veggie Burger,20,180.00
2026-04-12,Fries,218,872.00
2026-04-12,Wings,91,1001.00
2026-04-12,Caesar Salad,29,246.50
2026-04-12,Milkshake,62,341.00
2026-04-12,Soda,166,415.00
2026-04-13,Cheeseburger,68,646.00
2026-04-13,Chicken Sandwich,34,340.00
2026-04-13,Veggie Burger,16,144.00
2026-04-13,Fries,109,436.00
2026-04-13,Wings,51,561.00
2026-04-13,Caesar Salad,25,212.50
2026-04-13,Milkshake,28,154.00
2026-04-13,Soda,111,277.50
2026-04-14,Cheeseburger,84,798.00
2026-04-14,Chicken Sandwich,51,510.00
2026-04-14,Veggie Burger,15,135.00
2026-04-14,Fries,120,480.00
2026-04-14,Wings,55,605.00
2026-04-14,Caesar Salad,33,280.50
2026-04-14,Milkshake,40,220.00
2026-04-14,Soda,139,347.50
2026-04-15,Cheeseburger,71,674.50
2026-04-15,Chicken Sandwich,62,620.00
2026-04-15,Veggie Burger,17,153.00
2026-04-15,Fries,109,436.00
2026-04-15,Wings,48,528.00
2026-04-15,Caesar Salad,25,212.50
2026-04-15,Milkshake,36,198.00
2026-04-15,Soda,153,382.50
2026-04-16,Cheeseburger,92,874.00
2026-04-16,Chicken Sandwich,65,650.00
2026-04-16,Veggie Burger,19,171.00
2026-04-16,Fries,148,592.00
2026-04-16,Wings,79,869.00
2026-04-16,Caesar Salad,35,297.50
2026-04-16,Milkshake,49,269.50
2026-04-16,Soda,127,317.50
2026-04-17,Cheeseburger,128,1216.00
2026-04-17,Chicken Sandwich,84,840.00
2026-04-17,Veggie Burger,17,153.00
2026-04-17,Fries,211,844.00
2026-04-17,Wings,132,1452.00
2026-04-17,Caesar Salad,35,297.50
2026-04-17,Milkshake,75,412.50
2026-04-17,Soda,208,520.00
2026-04-18,Cheeseburger,147,1396.50
2026-04-18,Chicken Sandwich,106,1060.00
2026-04-18,Veggie Burger,24,216.00
2026-04-18,Fries,266,1064.00
2026-04-18,Wings,97,1067.00
2026-04-18,Caesar Salad,44,374.00
2026-04-18,Milkshake,76,418.00
2026-04-18,Soda,303,757.50
2026-04-19,Cheeseburger,125,1187.50
2026-04-19,Chicken Sandwich,57,570.00
2026-04-19,Veggie Burger,15,135.00
2026-04-19,Fries,150,600.00
2026-04-19,Wings,87,957.00
2026-04-19,Caesar Salad,30,255.00
2026-04-19,Milkshake,60,330.00
2026-04-19,Soda,204,510.00
2026-04-20,Cheeseburger,56,532.00
2026-04-20,Chicken Sandwich,36,360.00
2026-04-20,Veggie Burger,15,135.00
2026-04-20,Fries,103,412.00
2026-04-20,Wings,49,539.00
2026-04-20,Caesar Salad,23,195.50
2026-04-20,Milkshake,33,181.50
2026-04-20,Soda,147,367.50
2026-04-21,Cheeseburger,57,541.50
2026-04-21,Chicken Sandwich,41,410.00
2026-04-21,Veggie Burger,17,153.00
2026-04-21,Fries,137,548.00
2026-04-21,Wings,52,572.00
2026-04-21,Caesar Salad,23,195.50
2026-04-21,Milkshake,27,148.50
2026-04-21,Soda,137,342.50
2026-04-22,Cheeseburger,64,608.00
2026-04-22,Chicken Sandwich,65,650.00
2026-04-22,Veggie Burger,22,198.00
2026-04-22,Fries,125,500.00
2026-04-22,Wings,59,649.00
2026-04-22,Caesar Salad,28,238.00
2026-04-22,Milkshake,43,236.50
2026-04-22,Soda,140,350.00
2026-04-23,Cheeseburger,84,798.00
2026-04-23,Chicken Sandwich,67,670.00
2026-04-23,Veggie Burger,20,180.00
2026-04-23,Fries,170,680.00
2026-04-23,Wings,50,550.00
2026-04-23,Caesar Salad,29,246.50
2026-04-23,Milkshake,37,203.50
2026-04-23,Soda,172,430.00
2026-04-24,Cheeseburger,132,1254.00
2026-04-24,Chicken Sandwich,100,1000.00
2026-04-24,Veggie Burger,22,198.00
2026-04-24,Fries,208,832.00
2026-04-24,Wings,145,1595.00
2026-04-24,Caesar Salad,45,382.50
2026-04-24,Milkshake,57,313.50
2026-04-24,Soda,242,605.00
2026-04-25,Cheeseburger,172,1634.00
2026-04-25,Chicken Sandwich,97,970.00
2026-04-25,Veggie Burger,24,216.00
2026-04-25,Fries,252,1008.00
2026-04-25,Wings,128,1408.00
2026-04-25,Caesar Salad,45,382.50
2026-04-25,Milkshake,80,440.00
2026-04-25,Soda,330,825.00
2026-04-26,Cheeseburger,102,969.00
2026-04-26,Chicken Sandwich,71,710.00
2026-04-26,Veggie Burger,22,198.00
2026-04-26,Fries,187,748.00
2026-04-26,Wings,78,858.00
2026-04-26,Caesar Salad,36,306.00
2026-04-26,Milkshake,49,269.50
2026-04-26,Soda,189,472.50
2026-04-27,Cheeseburger,64,608.00
2026-04-27,Chicken Sandwich,42,420.00
2026-04-27,Veggie Burger,17,153.00
2026-04-27,Fries,78,312.00
2026-04-27,Wings,46,506.00
2026-04-27,Caesar Salad,22,187.00
2026-04-27,Milkshake,37,203.50
2026-04-27,Soda,149,372.50
2026-04-28,Cheeseburger,78,741.00
2026-04-28,Chicken Sandwich,57,570.00
2026-04-28,Veggie Burger,12,108.00
2026-04-28,Fries,118,472.00
2026-04-28,Wings,44,484.00
2026-04-28,Caesar Salad,25,212.50
2026-04-28,Milkshake,37,203.50
2026-04-28,Soda,135,337.50
2026-04-29,Cheeseburger,88,836.00
2026-04-29,Chicken Sandwich,39,390.00
2026-04-29,Veggie Burger,15,135.00
2026-04-29,Fries,100,400.00
2026-04-29,Wings,45,495.00
2026-04-29,Caesar Salad,32,272.00
2026-04-29,Milkshake,38,209.00
2026-04-29,Soda,167,417.50
2026-04-30,Cheeseburger,95,902.50
2026-04-30,Chicken Sandwich,58,580.00
2026-04-30,Veggie Burger,17,153.00
2026-04-30,Fries,152,608.00
2026-04-30,Wings,57,627.00
2026-04-30,Caesar Salad,27,229.50
2026-04-30,Milkshake,36,198.00
2026-04-30,Soda,159,397.50
2026-05-01,Cheeseburger,171,1624.50
2026-05-01,Chicken Sandwich,98,980.00
2026-05-01,Veggie Burger,31,279.00
2026-05-01,Fries,224,896.00
2026-05-01,Wings,114,1254.00
2026-05-01,Caesar Salad,53,450.50
2026-05-01,Milkshake,94,517.00
2026-05-01,Soda,250,625.00
2026-05-02,Cheeseburger,148,1406.00
2026-05-02,Chicken Sandwich,88,880.00
2026-05-02,Veggie Burger,31,279.00
2026-05-02,Fries,239,956.00
2026-05-02,Wings,141,1551.00
2026-05-02,Caesar Salad,46,391.00
2026-05-02,Milkshake,90,495.00
2026-05-02,Soda,309,772.50
2026-05-03,Cheeseburger,125,1187.50
2026-05-03,Chicken Sandwich,73,730.00
2026-05-03,Veggie Burger,20,180.00
2026-05-03,Fries,193,772.00
2026-05-03,Wings,85,935.00
2026-05-03,Caesar Salad,35,297.50
2026-05-03,Milkshake,68,374.00
2026-05-03,Soda,198,495.00
2026-05-04,Cheeseburger,64,608.00
2026-05-04,Chicken Sandwich,38,380.00
2026-05-04,Veggie Burger,14,126.00
2026-05-04,Fries,92,368.00
2026-05-04,Wings,53,583.00
2026-05-04,Caesar Salad,25,212.50
2026-05-04,Milkshake,31,170.50
2026-05-04,Soda,146,365.00
2026-05-05,Cheeseburger,76,722.00
2026-05-05,Chicken Sandwich,52,520.00
2026-05-05,Veggie Burger,18,162.00
2026-05-05,Fries,137,548.00
2026-05-05,Wings,45,495.00
2026-05-05,Caesar Salad,30,255.00
2026-05-05,Milkshake,29,159.50
2026-05-05,Soda,127,317.50
2026-05-06,Cheeseburger,89,845.50
2026-05-06,Chicken Sandwich,59,590.00
2026-05-06,Veggie Burger,19,171.00
2026-05-06,Fries,132,528.00
2026-05-06,Wings,70,770.00
2026-05-06,Caesar Salad,24,204.00
2026-05-06,Milkshake,38,209.00
2026-05-06,Soda,149,372.50
2026-05-07,Cheeseburger,110,1045.00
2026-05-07,Chicken Sandwich,68,680.00
2026-05-07,Veggie Burger,22,198.00
2026-05-07,Fries,130,520.00
2026-05-07,Wings,84,924.00
2026-05-07,Caesar Salad,35,297.50
2026-05-07,Milkshake,39,214.50
2026-05-07,Soda,212,530.00
2026-05-08,Cheeseburger,123,1168.50
2026-05-08,Chicken Sandwich,88,880.00
2026-05-08,Veggie Burger,26,234.00
2026-05-08,Fries,196,784.00
2026-05-08,Wings,128,1408.00
2026-05-08,Caesar Salad,41,348.50
2026-05-08,Milkshake,78,429.00
2026-05-08,Soda,301,752.50
2026-05-09,Cheeseburger,133,1263.50
2026-05-09,Chicken Sandwich,127,1270.00
2026-05-09,Veggie Burger,27,243.00
2026-05-09,Fries,291,1164.00
2026-05-09,Wings,165,1815.00
2026-05-09,Caesar Salad,57,484.50
2026-05-09,Milkshake,84,462.00
2026-05-09,Soda,235,587.50
2026-05-10,Cheeseburger,126,1197.00
2026-05-10,Chicken Sandwich,80,800.00
2026-05-10,Veggie Burger,17,153.00
2026-05-10,Fries,197,788.00
2026-05-10,Wings,87,957.00
2026-05-10,Caesar Salad,38,323.00
2026-05-10,Milkshake,70,385.00
2026-05-10,Soda,193,482.50
2026-05-11,Cheeseburger,71,674.50
2026-05-11,Chicken Sandwich,47,470.00
2026-05-11,Veggie Burger,15,135.00
2026-05-11,Fries,157,628.00
2026-05-11,Wings,47,517.00
2026-05-11,Caesar Salad,27,229.50
2026-05-11,Milkshake,40,220.00
2026-05-11,Soda,126,315.00
2026-05-12,Cheeseburger,69,655.50
2026-05-12,Chicken Sandwich,43,430.00
2026-05-12,Veggie Burger,19,171.00
2026-05-12,Fries,132,528.00
2026-05-12,Wings,59,649.00
2026-05-12,Caesar Salad,23,195.50
2026-05-12,Milkshake,40,220.00
2026-05-12,Soda,146,365.00
2026-05-13,Cheeseburger,76,722.00
2026-05-13,Chicken Sandwich,46,460.00
2026-05-13,Veggie Burger,18,162.00
2026-05-13,Fries,116,464.00
2026-05-13,Wings,60,660.00
2026-05-13,Caesar Salad,30,255.00
2026-05-13,Milkshake,38,209.00
2026-05-13,Soda,165,412.50
2026-05-14,Cheeseburger,88,836.00
2026-05-14,Chicken Sandwich,65,650.00
2026-05-14,Veggie Burger,21,189.00
2026-05-14,Fries,161,644.00
2026-05-14,Wings,59,649.00
2026-05-14,Caesar Salad,32,272.00
2026-05-14,Milkshake,49,269.50
2026-05-14,Soda,169,422.50
2026-05-15,Cheeseburger,169,1605.50
2026-05-15,Chicken Sandwich,107,1070.00
2026-05-15,Veggie Burger,25,225.00
2026-05-15,Fries,247,988.00
2026-05-15,Wings,117,1287.00
2026-05-15,Caesar Salad,45,382.50
2026-05-15,Milkshake,95,522.50
2026-05-15,Soda,279,697.50
2026-05-16,Cheeseburger,212,2014.00
2026-05-16,Chicken Sandwich,89,890.00
2026-05-16,Veggie Burger,28,252.00
2026-05-16,Fries,240,960.00
2026-05-16,Wings,128,1408.00
2026-05-16,Caesar Salad,47,399.50
2026-05-16,Milkshake,82,451.00
2026-05-16,Soda,310,775.00
2026-05-17,Cheeseburger,136,1292.00
2026-05-17,Chicken Sandwich,84,840.00
2026-05-17,Veggie Burger,19,171.00
2026-05-17,Fries,194,776.00
2026-05-17,Wings,107,1177.00
2026-05-17,Caesar Salad,34,289.00
2026-05-17,Milkshake,64,352.00
2026-05-17,Soda,235,587.50
2026-05-18,Cheeseburger,66,627.00
2026-05-18,Chicken Sandwich,47,470.00
2026-05-18,Veggie Burger,17,153.00
2026-05-18,Fries,123,492.00
2026-05-18,Wings,59,649.00
2026-05-18,Caesar Salad,26,221.00
2026-05-18,Milkshake,30,165.00
2026-05-18,Soda,113,282.50
2026-05-19,Cheeseburger,71,674.50
2026-05-19,Chicken Sandwich,57,570.00
2026-05-19,Veggie Burger,19,171.00
2026-05-19,Fries,96,384.00
2026-05-19,Wings,60,660.00
2026-05-19,Caesar Salad,28,238.00
2026-05-19,Milkshake,33,181.50
2026-05-19,Soda,178,445.00
2026-05-20,Cheeseburger,82,779.00
2026-05-20,Chicken Sandwich,60,600.00
2026-05-20,Veggie Burger,23,207.00
2026-05-20,Fries,121,484.00
2026-05-20,Wings,57,627.00
2026-05-20,Caesar Salad,35,297.50
2026-05-20,Milkshake,34,187.00
2026-05-20,Soda,151,377.50
2026-05-21,Cheeseburger,89,845.50
2026-05-21,Chicken Sandwich,68,680.00
2026-05-21,Veggie Burger,21,189.00
2026-05-21,Fries,128,512.00
2026-05-21,Wings,74,814.00
2026-05-21,Caesar Salad,37,314.50
2026-05-21,Milkshake,39,214.50
2026-05-21,Soda,153,382.50
2026-05-22,Cheeseburger,140,1330.00
2026-05-22,Chicken Sandwich,85,850.00
2026-05-22,Veggie Burger,30,270.00
2026-05-22,Fries,215,860.00
2026-05-22,Wings,117,1287.00
2026-05-22,Caesar Salad,35,297.50
2026-05-22,Milkshake,74,407.00
2026-05-22,Soda,291,727.50
2026-05-23,Cheeseburger,182,1729.00
2026-05-23,Chicken Sandwich,89,890.00
2026-05-23,Veggie Burger,26,234.00
2026-05-23,Fries,268,1072.00
2026-05-23,Wings,127,1397.00
2026-05-23,Caesar Salad,42,357.00
2026-05-23,Milkshake,78,429.00
2026-05-23,Soda,231,577.50
2026-05-24,Cheeseburger,124,1178.00
2026-05-24,Chicken Sandwich,77,770.00
2026-05-24,Veggie Burger,25,225.00
2026-05-24,Fries,181,724.00
2026-05-24,Wings,88,968.00
2026-05-24,Caesar Salad,36,306.00
2026-05-24,Milkshake,74,407.00
2026-05-24,Soda,184,460.00
2026-05-25,Cheeseburger,57,541.50
2026-05-25,Chicken Sandwich,46,460.00
2026-05-25,Veggie Burger,13,117.00
2026-05-25,Fries,138,552.00
2026-05-25,Wings,44,484.00
2026-05-25,Caesar Salad,26,221.00
2026-05-25,Milkshake,42,231.00
2026-05-25,Soda,147,367.50
2026-05-26,Cheeseburger,71,674.50
2026-05-26,Chicken Sandwich,47,470.00
2026-05-26,Veggie Burger,17,153.00
2026-05-26,Fries,119,476.00
2026-05-26,Wings,67,737.00
2026-05-26,Caesar Salad,28,238.00
2026-05-26,Milkshake,32,176.00
2026-05-26,Soda,159,397.50
2026-05-27,Cheeseburger,90,855.00
2026-05-27,Chicken Sandwich,54,540.00
2026-05-27,Veggie Burger,20,180.00
2026-05-27,Fries,131,524.00
2026-05-27,Wings,51,561.00
2026-05-27,Caesar Salad,30,255.00
2026-05-27,Milkshake,35,192.50
2026-05-27,Soda,139,347.50
2026-05-28,Cheeseburger,79,750.50
2026-05-28,Chicken Sandwich,64,640.00
2026-05-28,Veggie Burger,20,180.00
2026-05-28,Fries,122,488.00
2026-05-28,Wings,59,649.00
2026-05-28,Caesar Salad,33,280.50
2026-05-28,Milkshake,47,258.50
2026-05-28,Soda,168,420.00
2026-05-29,Cheeseburger,111,1054.50
2026-05-29,Chicken Sandwich,115,1150.00
2026-05-29,Veggie Burger,33,297.00
2026-05-29,Fries,268,1072.00
2026-05-29,Wings,130,1430.00
2026-05-29,Caesar Salad,44,374.00
2026-05-29,Milkshake,72,396.00
2026-05-29,Soda,254,635.00
2026-05-30,Cheeseburger,145,1377.50
2026-05-30,Chicken Sandwich,112,1120.00
2026-05-30,Veggie Burger,25,225.00
2026-05-30,Fries,268,1072.00
2026-05-30,Wings,130,1430.00
2026-05-30,Caesar Salad,49,416.50
2026-05-30,Milkshake,89,489.50
2026-05-30,Soda,261,652.50
2026-05-31,Cheeseburger,135,1282.50
2026-05-31,Chicken Sandwich,70,700.00
2026-05-31,Veggie Burger,21,189.00
2026-05-31,Fries,172,688.00
2026-05-31,Wings,108,1188.00
2026-05-31,Caesar Salad,33,280.50
2026-05-31,Milkshake,66,363.00
2026-05-31,Soda,215,537.50
2026-06-01,Cheeseburger,54,513.00
2026-06-01,Chicken Sandwich,46,460.00
2026-06-01,Veggie Burger,17,153.00
2026-06-01,Fries,136,544.00
2026-06-01,Wings,60,660.00
2026-06-01,Caesar Salad,32,272.00
2026-06-01,Milkshake,36,198.00
2026-06-01,Soda,142,355.00
2026-06-02,Cheeseburger,75,712.50
2026-06-02,Chicken Sandwich,52,520.00
2026-06-02,Veggie Burger,16,144.00
2026-06-02,Fries,121,484.00
2026-06-02,Wings,58,638.00
2026-06-02,Caesar Salad,27,229.50
2026-06-02,Milkshake,40,220.00
2026-06-02,Soda,117,292.50
2026-06-03,Cheeseburger,89,845.50
2026-06-03,Chicken Sandwich,59,590.00
2026-06-03,Veggie Burger,20,180.00
2026-06-03,Fries,129,516.00
2026-06-03,Wings,59,649.00
2026-06-03,Caesar Salad,35,297.50
2026-06-03,Milkshake,41,225.50
2026-06-03,Soda,196,490.00
2026-06-04,Cheeseburger,78,741.00
2026-06-04,Chicken Sandwich,62,620.00
2026-06-04,Veggie Burger,18,162.00
2026-06-04,Fries,138,552.00
2026-06-04,Wings,64,704.00
2026-06-04,Caesar Salad,33,280.50
2026-06-04,Milkshake,51,280.50
2026-06-04,Soda,152,380.00
2026-06-05,Cheeseburger,170,1615.00
2026-06-05,Chicken Sandwich,86,860.00
2026-06-05,Veggie Burger,27,243.00
2026-06-05,Fries,274,1096.00
2026-06-05,Wings,135,1485.00
2026-06-05,Caesar Salad,44,374.00
2026-06-05,Milkshake,88,484.00
2026-06-05,Soda,279,697.50
2026-06-06,Cheeseburger,189,1795.50
2026-06-06,Chicken Sandwich,136,1360.00
2026-06-06,Veggie Burger,28,252.00
2026-06-06,Fries,261,1044.00
2026-06-06,Wings,153,1683.00
2026-06-06,Caesar Salad,52,442.00
2026-06-06,Milkshake,98,539.00
2026-06-06,Soda,336,840.00
2026-06-07,Cheeseburger,121,1149.50
2026-06-07,Chicken Sandwich,71,710.00
2026-06-07,Veggie Burger,27,243.00
2026-06-07,Fries,193,772.00
2026-06-07,Wings,98,1078.00
2026-06-07,Caesar Salad,35,297.50
2026-06-07,Milkshake,64,352.00
2026-06-07,Soda,239,597.50
2026-06-08,Cheeseburger,83,788.50
2026-06-08,Chicken Sandwich,54,540.00
2026-06-08,Veggie Burger,18,162.00
2026-06-08,Fries,122,488.00
2026-06-08,Wings,63,693.00
2026-06-08,Caesar Salad,20,170.00
2026-06-08,Milkshake,32,176.00
2026-06-08,Soda,140,350.00
2026-06-09,Cheeseburger,76,722.00
2026-06-09,Chicken Sandwich,49,490.00
2026-06-09,Veggie Burger,19,171.00
2026-06-09,Fries,114,456.00
2026-06-09,Wings,61,671.00
2026-06-09,Caesar Salad,30,255.00
2026-06-09,Milkshake,40,220.00
2026-06-09,Soda,135,337.50
2026-06-10,Cheeseburger,83,788.50
2026-06-10,Chicken Sandwich,67,670.00
2026-06-10,Veggie Burger,20,180.00
2026-06-10,Fries,153,612.00
2026-06-10,Wings,63,693.00
2026-06-10,Caesar Salad,25,212.50
2026-06-10,Milkshake,40,220.00
2026-06-10,Soda,156,390.00
2026-06-11,Cheeseburger,109,1035.50
2026-06-11,Chicken Sandwich,73,730.00
2026-06-11,Veggie Burger,22,198.00
2026-06-11,Fries,137,548.00
2026-06-11,Wings,72,792.00
2026-06-11,Caesar Salad,34,289.00
2026-06-11,Milkshake,46,253.00
2026-06-11,Soda,150,375.00
2026-06-12,Cheeseburger,168,1596.00
2026-06-12,Chicken Sandwich,104,1040.00
2026-06-12,Veggie Burger,31,279.00
2026-06-12,Fries,196,784.00
2026-06-12,Wings,111,1221.00
2026-06-12,Caesar Salad,62,527.00
2026-06-12,Milkshake,74,407.00
2026-06-12,Soda,271,677.50
2026-06-13,Cheeseburger,186,1767.00
2026-06-13,Chicken Sandwich,103,1030.00
2026-06-13,Veggie Burger,38,342.00
2026-06-13,Fries,262,1048.00
2026-06-13,Wings,145,1595.00
2026-06-13,Caesar Salad,58,493.00
2026-06-13,Milkshake,83,456.50
2026-06-13,Soda,274,685.00
2026-06-14,Cheeseburger,124,1178.00
2026-06-14,Chicken Sandwich,71,710.00
2026-06-14,Veggie Burger,24,216.00
2026-06-14,Fries,205,820.00
2026-06-14,Wings,107,1177.00
2026-06-14,Caesar Salad,38,323.00
2026-06-14,Milkshake,74,407.00
2026-06-14,Soda,222,555.00
2026-06-15,Cheeseburger,73,693.50
2026-06-15,Chicken Sandwich,59,590.00
2026-06-15,Veggie Burger,16,144.00
2026-06-15,Fries,143,572.00
2026-06-15,Wings,55,605.00
2026-06-15,Caesar Salad,31,263.50
2026-06-15,Milkshake,46,253.00
2026-06-15,Soda,103,257.50
2026-06-16,Cheeseburger,78,741.00
2026-06-16,Chicken Sandwich,52,520.00
2026-06-16,Veggie Burger,22,198.00
2026-06-16,Fries,124,496.00
2026-06-16,Wings,80,880.00
2026-06-16,Caesar Salad,25,212.50
2026-06-16,Milkshake,42,231.00
2026-06-16,Soda,143,357.50
2026-06-17,Cheeseburger,90,855.00
2026-06-17,Chicken Sandwich,54,540.00
2026-06-17,Veggie Burger,18,162.00
2026-06-17,Fries,108,432.00
2026-06-17,Wings,64,704.00
2026-06-17,Caesar Salad,26,221.00
2026-06-17,Milkshake,36,198.00
2026-06-17,Soda,161,402.50
2026-06-18,Cheeseburger,93,883.50
2026-06-18,Chicken Sandwich,73,730.00
2026-06-18,Veggie Burger,18,162.00
2026-06-18,Fries,161,644.00
2026-06-18,Wings,73,803.00
2026-06-18,Caesar Salad,34,289.00
2026-06-18,Milkshake,43,236.50
2026-06-18,Soda,175,437.50
2026-06-19,Cheeseburger,176,1672.00
2026-06-19,Chicken Sandwich,100,1000.00
2026-06-19,Veggie Burger,32,288.00
2026-06-19,Fries,230,920.00
2026-06-19,Wings,156,1716.00
2026-06-19,Caesar Salad,43,365.50
2026-06-19,Milkshake,81,445.50
2026-06-19,Soda,212,530.00
2026-06-20,Cheeseburger,147,1396.50
2026-06-20,Chicken Sandwich,122,1220.00
2026-06-20,Veggie Burger,31,279.00
2026-06-20,Fries,274,1096.00
2026-06-20,Wings,132,1452.00
2026-06-20,Caesar Salad,47,399.50
2026-06-20,Milkshake,85,467.50
2026-06-20,Soda,302,755.00
2026-06-21,Cheeseburger,127,1206.50
2026-06-21,Chicken Sandwich,105,1050.00
2026-06-21,Veggie Burger,21,189.00
2026-06-21,Fries,220,880.00
2026-06-21,Wings,92,1012.00
2026-06-21,Caesar Salad,33,280.50
2026-06-21,Milkshake,61,335.50
2026-06-21,Soda,247,617.50
2026-06-22,Cheeseburger,80,760.00
2026-06-22,Chicken Sandwich,53,530.00
2026-06-22,Veggie Burger,17,153.00
2026-06-22,Fries,107,428.00
2026-06-22,Wings,66,726.00
2026-06-22,Caesar Salad,33,280.50
2026-06-22,Milkshake,38,209.00
2026-06-22,Soda,142,355.00
2026-06-23,Cheeseburger,87,826.50
2026-06-23,Chicken Sandwich,54,540.00
2026-06-23,Veggie Burger,18,162.00
2026-06-23,Fries,123,492.00
2026-06-23,Wings,58,638.00
2026-06-23,Caesar Salad,28,238.00
2026-06-23,Milkshake,44,242.00
2026-06-23,Soda,145,362.50
2026-06-24,Cheeseburger,81,769.50
2026-06-24,Chicken Sandwich,54,540.00
2026-06-24,Veggie Burger,16,144.00
2026-06-24,Fries,164,656.00
2026-06-24,Wings,68,748.00
2026-06-24,Caesar Salad,35,297.50
2026-06-24,Milkshake,40,220.00
2026-06-24,Soda,188,470.00
2026-06-25,Cheeseburger,96,912.00
2026-06-25,Chicken Sandwich,76,760.00
2026-06-25,Veggie Burger,21,189.00
2026-06-25,Fries,153,612.00
2026-06-25,Wings,67,737.00
2026-06-25,Caesar Salad,36,306.00
2026-06-25,Milkshake,49,269.50
2026-06-25,Soda,209,522.50
2026-06-26,Cheeseburger,189,1795.50
2026-06-26,Chicken Sandwich,107,1070.00
2026-06-26,Veggie Burger,33,297.00
2026-06-26,Fries,161,644.00
2026-06-26,Wings,122,1342.00
2026-06-26,Caesar Salad,44,374.00
2026-06-26,Milkshake,92,506.00
2026-06-26,Soda,277,692.50
2026-06-27,Cheeseburger,176,1672.00
2026-06-27,Chicken Sandwich,111,1110.00
2026-06-27,Veggie Burger,29,261.00
2026-06-27,Fries,326,1304.00
2026-06-27,Wings,163,1793.00
2026-06-27,Caesar Salad,56,476.00
2026-06-27,Milkshake,93,511.50
2026-06-27,Soda,274,685.00
2026-06-28,Cheeseburger,139,1320.50
2026-06-28,Chicken Sandwich,86,860.00
2026-06-28,Veggie Burger,23,207.00
2026-06-28,Fries,194,776.00
2026-06-28,Wings,98,1078.00
2026-06-28,Caesar Salad,32,272.00
2026-06-28,Milkshake,66,363.00
2026-06-28,Soda,179,447.50
2026-06-29,Cheeseburger,81,769.50
2026-06-29,Chicken Sandwich,57,570.00
2026-06-29,Veggie Burger,15,135.00
2026-06-29,Fries,96,384.00
2026-06-29,Wings,60,660.00
2026-06-29,Caesar Salad,29,246.50
2026-06-29,Milkshake,38,209.00
2026-06-29,Soda,120,300.00
2026-06-30,Cheeseburger,62,589.00
2026-06-30,Chicken Sandwich,67,670.00
2026-06-30,Veggie Burger,18,162.00
2026-06-30,Fries,139,556.00
2026-06-30,Wings,60,660.00
2026-06-30,Caesar Salad,32,272.00
2026-06-30,Milkshake,34,187.00
2026-06-30,Soda,143,357.50
2026-07-01,Cheeseburger,75,712.50
2026-07-01,Chicken Sandwich,53,530.00
2026-07-01,Veggie Burger,18,162.00
2026-07-01,Fries,114,456.00
2026-07-01,Wings,63,693.00
2026-07-01,Caesar Salad,31,263.50
2026-07-01,Milkshake,38,209.00
2026-07-01,Soda,165,412.50
2026-07-02,Cheeseburger,99,940.50
2026-07-02,Chicken Sandwich,61,610.00
2026-07-02,Veggie Burger,28,252.00
2026-07-02,Fries,175,700.00
2026-07-02,Wings,85,935.00
2026-07-02,Caesar Salad,36,306.00
2026-07-02,Milkshake,55,302.50
2026-07-02,Soda,203,507.50
2026-07-03,Cheeseburger,147,1396.50
2026-07-03,Chicken Sandwich,102,1020.00
2026-07-03,Veggie Burger,41,369.00
2026-07-03,Fries,238,952.00
2026-07-03,Wings,144,1584.00
2026-07-03,Caesar Salad,44,374.00
2026-07-03,Milkshake,96,528.00
2026-07-03,Soda,244,610.00
2026-07-04,Cheeseburger,164,1558.00
2026-07-04,Chicken Sandwich,140,1400.00
2026-07-04,Veggie Burger,34,306.00
2026-07-04,Fries,196,784.00
2026-07-04,Wings,151,1661.00
2026-07-04,Caesar Salad,49,416.50
2026-07-04,Milkshake,105,577.50
2026-07-04,Soda,319,797.50
2026-07-05,Cheeseburger,142,1349.00
2026-07-05,Chicken Sandwich,91,910.00
2026-07-05,Veggie Burger,25,225.00
2026-07-05,Fries,176,704.00
2026-07-05,Wings,100,1100.00
2026-07-05,Caesar Salad,33,280.50
2026-07-05,Milkshake,60,330.00
2026-07-05,Soda,247,617.50
2026-07-06,Cheeseburger,90,855.00
2026-07-06,Chicken Sandwich,59,590.00
2026-07-06,Veggie Burger,17,153.00
2026-07-06,Fries,121,484.00
2026-07-06,Wings,57,627.00
2026-07-06,Caesar Salad,34,289.00
2026-07-06,Milkshake,42,231.00
2026-07-06,Soda,180,450.00
2026-07-07,Cheeseburger,75,712.50
2026-07-07,Chicken Sandwich,57,570.00
2026-07-07,Veggie Burger,16,144.00
2026-07-07,Fries,114,456.00
2026-07-07,Wings,62,682.00
2026-07-07,Caesar Salad,30,255.00
2026-07-07,Milkshake,40,220.00
2026-07-07,Soda,129,322.50
2026-07-08,Cheeseburger,92,874.00
2026-07-08,Chicken Sandwich,60,600.00
2026-07-08,Veggie Burger,22,198.00
2026-07-08,Fries,155,620.00
2026-07-08,Wings,57,627.00
2026-07-08,Caesar Salad,35,297.50
2026-07-08,Milkshake,42,231.00
2026-07-08,Soda,199,497.50
2026-07-09,Cheeseburger,99,940.50
2026-07-09,Chicken Sandwich,64,640.00
2026-07-09,Veggie Burger,21,189.00
2026-07-09,Fries,133,532.00
2026-07-09,Wings,86,946.00
2026-07-09,Caesar Salad,47,399.50
2026-07-09,Milkshake,39,214.50
2026-07-09,Soda,181,452.50
2026-07-10,Cheeseburger,166,1577.00
2026-07-10,Chicken Sandwich,103,1030.00
2026-07-10,Veggie Burger,35,315.00
2026-07-10,Fries,289,1156.00
2026-07-10,Wings,132,1452.00
2026-07-10,Caesar Salad,57,484.50
2026-07-10,Milkshake,88,484.00
2026-07-10,Soda,270,675.00
2026-07-11,Cheeseburger,193,1833.50
2026-07-11,Chicken Sandwich,112,1120.00
2026-07-11,Veggie Burger,40,360.00
2026-07-11,Fries,300,1200.00
2026-07-11,Wings,145,1595.00
2026-07-11,Caesar Salad,49,416.50
2026-07-11,Milkshake,87,478.50
2026-07-11,Soda,318,795.00
2026-07-12,Cheeseburger,116,1102.00
2026-07-12,Chicken Sandwich,91,910.00
2026-07-12,Veggie Burger,23,207.00
2026-07-12,Fries,219,876.00
2026-07-12,Wings,125,1375.00
2026-07-12,Caesar Salad,41,348.50
2026-07-12,Milkshake,70,385.00
2026-07-12,Soda,207,517.50
2026-07-13,Cheeseburger,77,731.50
2026-07-13,Chicken Sandwich,55,550.00
2026-07-13,Veggie Burger,19,171.00
2026-07-13,Fries,121,484.00
2026-07-13,Wings,53,583.00
2026-07-13,Caesar Salad,31,263.50
2026-07-13,Milkshake,46,253.00
2026-07-13,Soda,183,457.50
2026-07-14,Cheeseburger,93,883.50
2026-07-14,Chicken Sandwich,51,510.00
2026-07-14,Veggie Burger,22,198.00
2026-07-14,Fries,124,496.00
2026-07-14,Wings,58,638.00
2026-07-14,Caesar Salad,33,280.50
2026-07-14,Milkshake,35,192.50
2026-07-14,Soda,175,437.50
2026-07-15,Cheeseburger,89,845.50
2026-07-15,Chicken Sandwich,65,650.00
2026-07-15,Veggie Burger,18,162.00
2026-07-15,Fries,161,644.00
2026-07-15,Wings,72,792.00
2026-07-15,Caesar Salad,32,272.00
2026-07-15,Milkshake,50,275.00
2026-07-15,Soda,115,287.50
2026-07-16,Cheeseburger,104,988.00
2026-07-16,Chicken Sandwich,68,680.00
2026-07-16,Veggie Burger,20,180.00
2026-07-16,Fries,166,664.00
2026-07-16,Wings,80,880.00
2026-07-16,Caesar Salad,34,289.00
2026-07-16,Milkshake,49,269.50
2026-07-16,Soda,187,467.50
2026-07-17,Cheeseburger,177,1681.50
2026-07-17,Chicken Sandwich,128,1280.00
2026-07-17,Veggie Burger,29,261.00
2026-07-17,Fries,292,1168.00
2026-07-17,Wings,115,1265.00
2026-07-17,Caesar Salad,47,399.50
2026-07-17,Milkshake,70,385.00
2026-07-17,Soda,281,702.50
2026-07-18,Cheeseburger,204,1938.00
2026-07-18,Chicken Sandwich,154,1540.00
2026-07-18,Veggie Burger,34,306.00
2026-07-18,Fries,255,1020.00
2026-07-18,Wings,171,1881.00
2026-07-18,Caesar Salad,51,433.50
2026-07-18,Milkshake,99,544.50
2026-07-18,Soda,344,860.00
2026-07-19,Cheeseburger,156,1482.00
2026-07-19,Chicken Sandwich,72,720.00
2026-07-19,Veggie Burger,25,225.00
2026-07-19,Fries,206,824.00
2026-07-19,Wings,97,1067.00
2026-07-19,Caesar Salad,30,255.00
2026-07-19,Milkshake,71,390.50
2026-07-19,Soda,215,537.50
2026-07-20,Cheeseburger,73,693.50
2026-07-20,Chicken Sandwich,54,540.00
2026-07-20,Veggie Burger,17,153.00
2026-07-20,Fries,131,524.00
2026-07-20,Wings,72,792.00
2026-07-20,Caesar Salad,30,255.00
2026-07-20,Milkshake,49,269.50
2026-07-20,Soda,173,432.50
2026-07-21,Cheeseburger,95,902.50
2026-07-21,Chicken Sandwich,53,530.00
2026-07-21,Veggie Burger,19,171.00
2026-07-21,Fries,123,492.00
2026-07-21,Wings,67,737.00
2026-07-21,Caesar Salad,32,272.00
2026-07-21,Milkshake,45,247.50
2026-07-21,Soda,166,415.00
2026-07-22,Cheeseburger,92,874.00
2026-07-22,Chicken Sandwich,59,590.00
2026-07-22,Veggie Burger,18,162.00
2026-07-22,Fries,139,556.00
2026-07-22,Wings,74,814.00
2026-07-22,Caesar Salad,33,280.50
2026-07-22,Milkshake,45,247.50
2026-07-22,Soda,187,467.50
2026-07-23,Cheeseburger,106,1007.00
2026-07-23,Chicken Sandwich,57,570.00
2026-07-23,Veggie Burger,22,198.00
2026-07-23,Fries,146,584.00
2026-07-23,Wings,75,825.00
2026-07-23,Caesar Salad,39,331.50
2026-07-23,Milkshake,53,291.50
2026-07-23,Soda,226,565.00
2026-07-24,Cheeseburger,159,1510.50
2026-07-24,Chicken Sandwich,108,1080.00
2026-07-24,Veggie Burger,33,297.00
2026-07-24,Fries,283,1132.00
2026-07-24,Wings,120,1320.00
2026-07-24,Caesar Salad,50,425.00
2026-07-24,Milkshake,95,522.50
2026-07-24,Soda,275,687.50
2026-07-25,Cheeseburger,182,1729.00
2026-07-25,Chicken Sandwich,135,1350.00
2026-07-25,Veggie Burger,36,324.00
2026-07-25,Fries,295,1180.00
2026-07-25,Wings,139,1529.00
2026-07-25,Caesar Salad,40,340.00
2026-07-25,Milkshake,97,533.50
2026-07-25,Soda,301,752.50
2026-07-26,Cheeseburger,146,1387.00
2026-07-26,Chicken Sandwich,83,830.00
2026-07-26,Veggie Burger,27,243.00
2026-07-26,Fries,217,868.00
2026-07-26,Wings,102,1122.00
2026-07-26,Caesar Salad,42,357.00
2026-07-26,Milkshake,69,379.50
2026-07-26,Soda,209,522.50
2026-07-27,Cheeseburger,83,788.50
2026-07-27,Chicken Sandwich,55,550.00
2026-07-27,Veggie Burger,16,144.00
2026-07-27,Fries,141,564.00
2026-07-27,Wings,60,660.00
2026-07-27,Caesar Salad,27,229.50
2026-07-27,Milkshake,32,176.00
2026-07-27,Soda,159,397.50
2026-07-28,Cheeseburger,87,826.50
2026-07-28,Chicken Sandwich,60,600.00
2026-07-28,Veggie Burger,22,198.00
2026-07-28,Fries,97,388.00
2026-07-28,Wings,74,814.00
2026-07-28,Caesar Salad,37,314.50
2026-07-28,Milkshake,38,209.00
2026-07-28,Soda,180,450.00
2026-07-29,Cheeseburger,82,779.00
2026-07-29,Chicken Sandwich,55,550.00
2026-07-29,Veggie Burger,20,180.00
2026-07-29,Fries,180,720.00
2026-07-29,Wings,71,781.00
2026-07-29,Caesar Salad,34,289.00
2026-07-29,Milkshake,50,275.00
2026-07-29,Soda,157,392.50
2026-07-30,Cheeseburger,119,1130.50
2026-07-30,Chicken Sandwich,82,820.00
2026-07-30,Veggie Burger,24,216.00
2026-07-30,Fries,148,592.00
2026-07-30,Wings,85,935.00
2026-07-30,Caesar Salad,39,331.50
2026-07-30,Milkshake,54,297.00
2026-07-30,Soda,215,537.50
2026-07-31,Cheeseburger,179,1700.50
2026-07-31,Chicken Sandwich,100,1000.00
2026-07-31,Veggie Burger,36,324.00
2026-07-31,Fries,263,1052.00
2026-07-31,Wings,143,1573.00
2026-07-31,Caesar Salad,49,416.50
2026-07-31,Milkshake,92,506.00
2026-07-31,Soda,306,765.00
2026-08-01,Cheeseburger,194,1843.00
2026-08-01,Chicken Sandwich,122,1220.00
2026-08-01,Veggie Burger,32,288.00
2026-08-01,Fries,265,1060.00
2026-08-01,Wings,148,1628.00
2026-08-01,Caesar Salad,57,484.50
2026-08-01,Milkshake,94,517.00
2026-08-01,Soda,308,770.00
2026-08-02,Cheeseburger,137,1301.50
2026-08-02,Chicken Sandwich,97,970.00
2026-08-02,Veggie Burger,27,243.00
2026-08-02,Fries,257,1028.00
2026-08-02,Wings,94,1034.00
2026-08-02,Caesar Salad,36,306.00
2026-08-02,Milkshake,77,423.50
2026-08-02,Soda,183,457.50
2026-08-03,Cheeseburger,98,931.00
2026-08-03,Chicken Sandwich,55,550.00
2026-08-03,Veggie Burger,16,144.00
2026-08-03,Fries,147,588.00
2026-08-03,Wings,45,495.00
2026-08-03,Caesar Salad,31,263.50
2026-08-03,Milkshake,36,198.00
2026-08-03,Soda,151,377.50
2026-08-04,Cheeseburger,90,855.00
2026-08-04,Chicken Sandwich,65,650.00
2026-08-04,Veggie Burger,20,180.00
2026-08-04,Fries,174,696.00
2026-08-04,Wings,65,715.00
2026-08-04,Caesar Salad,31,263.50
2026-08-04,Milkshake,49,269.50
2026-08-04,Soda,160,400.00
2026-08-05,Cheeseburger,96,912.00
2026-08-05,Chicken Sandwich,33,330.00
2026-08-05,Veggie Burger,22,198.00
2026-08-05,Fries,146,584.00
2026-08-05,Wings,65,715.00
2026-08-05,Caesar Salad,31,263.50
2026-08-05,Milkshake,50,275.00
2026-08-05,Soda,129,322.50
2026-08-06,Cheeseburger,139,1320.50
2026-08-06,Chicken Sandwich,79,790.00
2026-08-06,Veggie Burger,24,216.00
2026-08-06,Fries,202,808.00
2026-08-06,Wings,78,858.00
2026-08-06,Caesar Salad,34,289.00
2026-08-06,Milkshake,57,313.50
2026-08-06,Soda,152,380.00
2026-08-07,Cheeseburger,183,1738.50
2026-08-07,Chicken Sandwich,129,1290.00
2026-08-07,Veggie Burger,33,297.00
2026-08-07,Fries,211,844.00
2026-08-07,Wings,142,1562.00
2026-08-07,Caesar Salad,45,382.50
2026-08-07,Milkshake,81,445.50
2026-08-07,Soda,204,510.00
2026-08-08,Cheeseburger,163,1548.50
2026-08-08,Chicken Sandwich,118,1180.00
2026-08-08,Veggie Burger,39,351.00
2026-08-08,Fries,377,1508.00
2026-08-08,Wings,169,1859.00
2026-08-08,Caesar Salad,46,391.00
2026-08-08,Milkshake,94,517.00
2026-08-08,Soda,354,885.00
